CustomerID,TotalRevenue,TotalOrders,TotalItems,FirstPurchase,LastPurchase,Country,AvgOrderValue,TenureDays
10000,34.84,2,8,2023-01-02,2023-12-22,Japan,17.42,354
10001,1245.91,8,229,2022-02-21,2023-11-10,Belgium,155.74,627
10002,373.05,6,138,2022-01-20,2023-12-28,Denmark,62.18,707
10003,84.59,4,42,2022-01-30,2023-09-18,United Kingdom,21.15,596
10004,617.49,9,228,2022-04-04,2023-12-11,United Kingdom,68.61,616
10005,588.56,10,274,2022-04-30,2023-11-30,Spain,58.86,579
10006,612.9399999999999,4,146,2022-04-04,2023-11-10,United Kingdom,153.23,585
10007,993.58,11,359,2022-01-05,2023-12-23,United Kingdom,90.33,717
10008,538.35,9,289,2022-03-15,2023-11-29,United Kingdom,59.82,624
10009,868.5699999999999,10,164,2022-04-09,2023-12-24,United Kingdom,86.86,624
10010,195.32999999999998,6,120,2022-03-14,2023-12-12,United Kingdom,32.56,638
10011,154.58,5,155,2022-05-27,2023-03-01,Denmark,30.92,278
10012,1092.91,9,223,2022-02-02,2023-09-25,United Kingdom,121.43,600
10013,811.42,4,80,2023-04-17,2023-12-20,Portugal,202.86,247
10014,448.08000000000004,7,264,2022-02-15,2023-10-27,United Kingdom,64.01,619
10015,337.17,5,150,2022-03-17,2023-11-20,United Kingdom,67.43,613
10016,452.37,8,182,2022-01-09,2023-11-09,United Kingdom,56.55,669
10017,1009.1700000000001,9,191,2022-02-15,2023-11-27,Norway,112.13,650
10018,427.5,8,179,2022-03-28,2023-12-06,Switzerland,53.44,618
10019,241.46999999999997,6,97,2022-07-28,2023-12-27,United Kingdom,40.24,517
10020,979.02,7,150,2022-11-28,2023-11-29,United Kingdom,139.86,366
10021,395.91,8,192,2022-02-16,2023-10-05,France,49.49,596
10022,536.67,7,198,2022-06-10,2023-11-23,United Kingdom,76.67,531
10023,736.23,5,107,2022-06-27,2023-11-01,United Kingdom,147.25,492
10024,467.46000000000004,5,166,2022-04-25,2023-11-07,United Kingdom,93.49,561
10025,899.97,7,188,2022-01-25,2023-09-02,United Kingdom,128.57,585
10026,212.18,8,155,2022-02-14,2023-11-23,United Kingdom,26.52,647
10027,121.27000000000001,6,116,2022-10-20,2023-12-15,Germany,20.21,421
10028,320.49,7,179,2022-03-13,2023-11-01,France,45.78,598
10029,271.16,6,122,2022-11-15,2023-12-22,France,45.19,402
10030,713.85,6,169,2022-02-14,2023-11-19,United Kingdom,118.98,643
10031,188.24,3,120,2023-01-15,2023-02-23,Germany,62.75,39
10032,571.72,5,161,2022-10-03,2023-12-28,United Kingdom,114.34,451
10033,202.62,7,149,2022-04-07,2023-12-19,France,28.95,621
10034,548.06,8,184,2022-02-01,2023-10-15,United Kingdom,68.51,621
10035,517.63,8,223,2022-02-04,2023-12-22,United Kingdom,64.7,686
10036,167.95999999999998,3,96,2022-03-08,2022-12-21,Portugal,55.99,288
10037,498.40999999999997,7,169,2022-02-13,2023-12-15,United Kingdom,71.2,670
10038,208.3,4,110,2022-09-29,2023-06-13,United Kingdom,52.08,257
10039,498.2,5,113,2022-06-19,2023-12-08,United Kingdom,99.64,537
10040,465.81,6,164,2022-02-27,2023-10-14,United Kingdom,77.64,594
10041,338.11,5,113,2023-06-09,2023-12-07,Australia,67.62,181
10042,354.3,7,133,2022-01-23,2023-12-22,United Kingdom,50.61,698
10043,189.47,3,97,2022-03-30,2023-03-25,Singapore,63.16,360
10044,611.68,11,294,2022-04-23,2023-12-17,United Kingdom,55.61,603
10045,380.8,1,34,2022-12-15,2022-12-15,Sweden,380.8,0
10046,280.37,7,170,2022-01-26,2023-12-21,United Kingdom,40.05,694
10047,462.12,7,237,2022-04-22,2023-11-26,United Kingdom,66.02,583
10048,317.22,5,133,2022-05-31,2023-11-02,United Kingdom,63.44,520
10049,282.01,7,118,2022-09-15,2023-12-24,United Kingdom,40.29,465
10050,302.09000000000003,6,183,2023-03-16,2023-12-02,United Kingdom,50.35,261
10051,264.24,7,156,2022-02-13,2023-12-26,United Kingdom,37.75,681
10052,210.29,5,83,2022-06-18,2023-11-20,France,42.06,520
10053,476.21,4,95,2022-01-22,2022-11-18,Netherlands,119.05,300
10054,445.08,5,93,2022-02-15,2023-12-28,United Kingdom,89.02,681
10055,283.86,11,165,2022-03-26,2023-12-09,USA,25.81,623
10056,74.84,5,38,2022-01-02,2023-11-17,United Kingdom,14.97,684
10057,409.16999999999996,6,238,2022-10-25,2023-12-18,Australia,68.19,419
10058,122.94,3,82,2023-11-11,2023-12-10,Denmark,40.98,29
10059,262.74,5,132,2022-07-14,2023-11-16,Germany,52.55,490
10060,808.9,10,231,2023-01-08,2023-12-18,United Kingdom,80.89,344
10061,158.62,5,98,2022-01-04,2023-01-12,Germany,31.72,373
10062,166.26999999999998,5,93,2022-04-01,2023-10-12,Belgium,33.25,559
10063,212.13,5,90,2022-08-04,2023-01-31,United Kingdom,42.43,180
10064,407.32,8,198,2022-05-02,2023-12-12,United Kingdom,50.92,589
10065,344.99,6,240,2022-03-03,2023-10-07,United Kingdom,57.5,583
10066,409.62,8,233,2022-02-10,2023-12-25,Netherlands,51.2,683
10067,311.72,6,147,2022-06-08,2023-12-02,United Kingdom,51.95,542
10068,124.10999999999999,4,66,2022-06-04,2023-07-15,United Kingdom,31.03,406
10069,133.43,5,75,2022-03-02,2023-12-02,France,26.69,640
10070,332.13,5,176,2022-02-04,2023-12-17,Australia,66.43,681
10071,349.89,4,131,2022-08-11,2022-12-08,United Kingdom,87.47,119
10072,71.0,2,20,2023-10-13,2023-11-04,Australia,35.5,22
10073,428.15999999999997,4,152,2022-11-21,2023-12-27,United Kingdom,107.04,401
10074,106.71000000000001,4,74,2022-12-10,2023-06-02,Canada,26.68,174
10075,545.5699999999999,7,184,2022-10-05,2023-12-25,United Kingdom,77.94,446
10076,522.4,10,148,2022-01-16,2023-11-04,United Kingdom,52.24,657
10077,155.57999999999998,4,88,2022-04-17,2023-10-07,France,38.89,538
10078,134.52,3,84,2022-10-03,2023-12-25,United Kingdom,44.84,448
10079,24.9,2,33,2023-05-13,2023-10-12,Germany,12.45,152
10080,383.99,6,144,2022-10-27,2023-12-28,France,64.0,427
10081,455.56,6,184,2022-03-18,2023-10-19,United Kingdom,75.93,580
10082,363.56,5,149,2022-08-30,2023-12-20,France,72.71,477
10083,255.14000000000001,6,123,2022-02-17,2023-12-17,United Kingdom,42.52,668
10084,305.62,6,161,2022-05-13,2023-03-06,United Kingdom,50.94,297
10085,386.28999999999996,6,121,2022-02-12,2023-11-20,United Kingdom,64.38,646
10086,73.51,4,90,2022-01-05,2022-11-01,Germany,18.38,300
10087,1125.6799999999998,10,277,2022-02-01,2023-11-27,United Kingdom,112.57,664
10088,541.22,5,134,2022-01-22,2023-11-15,United Kingdom,108.24,662
10089,336.15,7,140,2022-03-12,2023-12-08,United Kingdom,48.02,636
10090,124.78999999999999,3,73,2022-07-13,2023-07-12,Finland,41.6,364
10091,378.71000000000004,6,123,2022-10-02,2023-12-09,United Kingdom,63.12,433
10092,430.46,8,231,2022-05-15,2023-12-21,United Kingdom,53.81,585
10093,767.81,6,168,2022-02-13,2023-12-25,United Kingdom,127.97,680
10094,593.04,6,156,2022-01-28,2023-11-22,United Kingdom,98.84,663
10095,1693.27,9,273,2022-07-06,2023-12-08,United Kingdom,188.14,520
10096,1053.18,7,170,2022-02-27,2023-11-02,Germany,150.45,613
10097,92.06,3,48,2022-11-06,2023-12-17,United Kingdom,30.69,406
10098,206.98,4,93,2022-11-07,2023-10-10,Finland,51.74,337
10099,164.01,5,109,2022-11-14,2023-11-17,Canada,32.8,368
10100,580.1800000000001,5,128,2022-03-31,2023-08-18,Australia,116.04,505
10101,941.28,8,155,2022-02-23,2023-11-19,United Kingdom,117.66,634
10102,1175.42,10,230,2022-03-12,2023-12-05,United Kingdom,117.54,633
10103,379.44,7,156,2022-02-11,2023-12-18,United Kingdom,54.21,675
10104,168.4,5,112,2022-10-27,2023-07-03,Japan,33.68,249
10105,210.23000000000002,5,122,2022-05-02,2023-12-30,United Kingdom,42.05,607
10106,206.7,7,107,2022-04-09,2023-12-13,Netherlands,29.53,613
10107,330.63,8,146,2022-07-04,2023-11-08,United Kingdom,41.33,492
10108,375.40999999999997,2,65,2022-05-01,2023-12-23,Netherlands,187.7,601
10109,210.57,4,52,2022-11-10,2023-10-16,United Kingdom,52.64,340
10110,131.95,2,48,2022-06-07,2022-12-25,USA,65.97,201
10111,107.7,2,47,2022-08-27,2022-12-10,France,53.85,105
10112,192.98000000000002,4,67,2022-06-05,2023-11-07,Australia,48.24,520
10113,304.61,4,99,2022-10-21,2023-07-20,United Kingdom,76.15,272
10114,142.32,5,103,2022-08-01,2023-10-18,United Kingdom,28.46,443
10115,273.07,8,200,2022-02-01,2023-12-09,United Kingdom,34.13,676
10116,508.09000000000003,7,210,2022-04-12,2023-11-08,United Kingdom,72.58,575
10117,665.32,8,243,2022-01-02,2023-11-09,United Kingdom,83.16,676
10118,51.36,2,60,2023-07-23,2023-10-04,Netherlands,25.68,73
10119,521.1,11,270,2022-03-26,2023-12-25,United Kingdom,47.37,639
10120,335.90999999999997,6,166,2022-03-18,2023-11-02,Canada,55.98,594
10121,304.69,6,139,2022-02-02,2023-06-11,Germany,50.78,494
10122,1140.1200000000001,7,188,2022-01-30,2023-10-22,United Kingdom,162.87,630
10123,311.78,1,34,2023-10-10,2023-10-10,France,311.78,0
10124,192.32999999999998,6,134,2022-10-04,2023-10-19,United Kingdom,32.06,380
10125,1234.57,9,273,2022-01-05,2023-12-25,United Kingdom,137.17,719
10126,8.91,1,3,2022-09-03,2022-09-03,Netherlands,8.91,0
10127,346.0,4,143,2022-04-22,2023-09-13,United Kingdom,86.5,509
10128,229.14,4,105,2022-05-23,2023-12-03,United Kingdom,57.28,559
10129,118.68,3,99,2022-04-29,2023-01-08,United Kingdom,39.56,254
10130,383.34999999999997,9,205,2022-08-03,2023-12-18,United Kingdom,42.59,502
10131,467.91,8,282,2022-08-10,2023-11-26,United Kingdom,58.49,473
10132,400.85,5,128,2022-10-24,2023-08-20,United Kingdom,80.17,300
10133,659.45,7,201,2022-11-09,2023-12-01,Netherlands,94.21,387
10134,1240.71,5,180,2022-07-19,2023-06-23,United Kingdom,248.14,339
10135,331.40000000000003,8,246,2023-02-17,2023-12-19,United Kingdom,41.42,305
10136,766.2,8,257,2022-05-03,2023-11-15,United Kingdom,95.78,561
10137,469.86,5,112,2022-04-16,2023-01-18,France,93.97,277
10138,299.86,4,128,2022-06-11,2023-10-25,United Kingdom,74.96,501
10139,152.35000000000002,4,101,2022-11-26,2023-12-22,United Kingdom,38.09,391
10140,976.2299999999999,8,199,2022-07-08,2023-07-23,United Kingdom,122.03,380
10141,101.82,4,69,2022-03-09,2022-12-21,United Kingdom,25.46,287
10142,193.05,6,169,2022-10-01,2023-09-02,Australia,32.18,336
10143,54.69,2,21,2022-04-21,2022-08-22,Germany,27.34,123
10144,83.14,3,70,2022-10-17,2022-12-06,Germany,27.71,50
10145,233.15,5,125,2022-03-21,2023-05-06,Belgium,46.63,411
10146,1117.59,9,250,2022-01-29,2023-10-20,United Kingdom,124.18,629
10147,252.86,3,109,2023-04-21,2023-10-09,United Kingdom,84.29,171
10148,949.06,6,161,2022-05-18,2023-05-08,United Kingdom,158.18,355
10149,188.6,5,177,2022-05-19,2023-04-24,France,37.72,340
10150,322.73,4,132,2022-10-02,2023-10-18,United Kingdom,80.68,381
10151,401.93,4,138,2023-12-02,2023-12-21,United Kingdom,100.48,19
10152,152.01,5,120,2022-10-22,2023-12-25,United Kingdom,30.4,429
10153,385.62,6,176,2022-01-05,2023-12-14,Spain,64.27,708
10154,209.04000000000002,8,141,2022-06-06,2023-11-27,United Kingdom,26.13,539
10155,195.15,5,100,2022-05-26,2023-11-08,United Kingdom,39.03,531
10156,393.41999999999996,6,244,2022-03-22,2023-07-19,Australia,65.57,484
10157,431.76,6,148,2022-06-24,2023-12-05,United Kingdom,71.96,529
10158,282.4,4,136,2022-10-09,2023-10-22,Canada,70.6,378
10159,455.44,5,141,2022-05-16,2023-12-03,Netherlands,91.09,566
10160,811.3299999999999,5,127,2022-01-26,2023-10-25,Germany,162.27,637
10161,208.99,6,90,2022-01-19,2023-12-25,France,34.83,705
10162,66.35,2,67,2022-11-09,2023-10-25,Germany,33.17,350
10163,641.38,7,203,2022-08-11,2023-12-27,United Kingdom,91.63,503
10164,494.26,9,192,2022-07-06,2023-12-15,United Kingdom,54.92,527
10165,149.01,4,85,2022-05-02,2023-12-27,United Kingdom,37.25,604
10166,219.08,4,101,2022-10-08,2023-11-17,United Kingdom,54.77,405
10167,204.85,4,127,2022-02-04,2023-12-29,United Kingdom,51.21,693
10168,690.3199999999999,9,288,2022-10-20,2023-12-28,United Kingdom,76.7,434
10169,168.16,6,82,2022-10-24,2023-12-15,United Kingdom,28.03,417
10170,178.3,5,105,2022-06-18,2023-09-06,United Kingdom,35.66,445
10171,602.82,7,157,2022-01-29,2023-12-11,United Kingdom,86.12,681
10172,29.82,1,14,2023-10-18,2023-10-18,Sweden,29.82,0
10173,172.72,3,90,2022-08-25,2023-10-01,United Kingdom,57.57,402
10174,411.76,8,228,2022-04-08,2023-08-28,United Kingdom,51.47,507
10175,426.83,4,112,2022-03-28,2023-10-29,Australia,106.71,580
10176,292.11,6,186,2022-03-01,2023-12-22,United Kingdom,48.68,661
10177,467.02,5,113,2022-10-15,2023-11-24,United Kingdom,93.4,405
10178,309.38,4,104,2022-05-27,2023-11-13,Spain,77.34,535
10179,208.43,4,73,2022-11-27,2023-11-24,United Kingdom,52.11,362
10180,471.12,4,79,2022-07-09,2023-09-10,Belgium,117.78,428
10181,389.04,9,164,2022-01-08,2023-11-19,United Kingdom,43.23,680
10182,22.12,1,28,2023-12-17,2023-12-17,Japan,22.12,0
10183,1147.08,7,153,2022-10-04,2023-10-15,Australia,163.87,376
10184,445.19,7,187,2022-04-09,2023-12-28,Switzerland,63.6,628
10185,605.02,9,285,2022-04-22,2023-12-25,United Kingdom,67.22,612
10186,300.35999999999996,5,82,2022-01-30,2023-08-26,United Kingdom,60.07,573
10187,133.38,3,78,2022-01-31,2022-12-20,Germany,44.46,323
10188,534.0,6,150,2022-10-25,2023-12-14,Canada,89.0,415
10189,508.93,5,130,2023-04-30,2023-12-14,Spain,101.79,228
10190,355.03999999999996,6,164,2022-01-18,2023-08-22,United Kingdom,59.17,581
10191,1004.12,8,139,2022-09-21,2023-11-30,United Kingdom,125.52,435
10192,1259.45,15,454,2022-04-15,2023-12-31,United Kingdom,83.96,625
10193,207.73,7,136,2022-09-24,2023-12-21,United Kingdom,29.68,453
10194,179.45,4,85,2022-12-15,2023-12-23,France,44.86,373
10195,1173.55,11,328,2022-03-03,2023-11-11,United Kingdom,106.69,618
10196,550.84,5,96,2022-02-24,2023-11-14,United Kingdom,110.17,628
10197,236.16,5,126,2022-08-26,2023-12-06,Netherlands,47.23,467
10198,162.62,3,79,2022-12-09,2023-08-27,United Kingdom,54.21,261
10199,201.82999999999998,2,47,2022-11-26,2023-03-13,Japan,100.92,107
10200,460.86,4,119,2022-01-01,2023-12-06,Germany,115.22,704
10201,393.97,7,101,2022-03-01,2023-11-12,United Kingdom,56.28,621
10202,128.66,3,80,2022-01-08,2023-05-03,Denmark,42.89,480
10203,526.81,5,188,2022-04-18,2023-11-13,United Kingdom,105.36,574
10204,802.62,9,286,2022-02-27,2023-11-28,United Kingdom,89.18,639
10205,632.8199999999999,11,241,2022-03-27,2023-12-29,United Kingdom,57.53,642
10206,299.68,5,122,2022-04-22,2023-11-12,Australia,59.94,569
10207,494.31,9,211,2022-05-01,2023-11-03,Germany,54.92,551
10208,366.94,6,171,2022-10-11,2023-10-31,United Kingdom,61.16,385
10209,663.81,6,149,2022-04-05,2023-12-21,United Kingdom,110.64,625
10210,616.49,5,184,2022-02-10,2023-04-06,United Kingdom,123.3,420
10211,409.13,7,190,2022-07-13,2023-12-25,United Kingdom,58.45,530
10212,210.65,4,110,2022-03-28,2023-12-10,United Kingdom,52.66,622
10213,340.92,6,173,2022-03-02,2023-09-27,United Kingdom,56.82,574
10214,907.55,4,108,2022-09-10,2023-11-14,Australia,226.89,430
10215,98.72,2,78,2023-05-04,2023-10-24,United Kingdom,49.36,173
10216,262.56,5,128,2022-03-23,2023-11-24,Germany,52.51,611
10217,466.86,9,191,2022-08-06,2023-12-18,United Kingdom,51.87,499
10218,750.38,6,240,2022-07-16,2023-12-21,United Kingdom,125.06,523
10219,241.86,6,131,2022-02-22,2023-11-10,United Kingdom,40.31,626
10220,194.39000000000001,5,158,2022-02-05,2023-11-13,United Kingdom,38.88,646
10221,27.93,2,13,2022-11-27,2023-10-06,United Kingdom,13.96,313
10222,131.14000000000001,3,47,2022-01-20,2023-10-29,Denmark,43.71,647
10223,12.32,1,16,2023-08-15,2023-08-15,Australia,12.32,0
10224,1122.77,6,157,2022-07-26,2023-11-28,Belgium,187.13,490
10225,374.02000000000004,7,132,2022-01-27,2023-03-20,United Kingdom,53.43,417
10226,285.79,5,140,2022-02-25,2023-12-01,United Kingdom,57.16,644
10227,451.53,9,159,2022-01-18,2023-12-27,United Kingdom,50.17,708
10228,48.69,4,54,2022-11-17,2023-07-19,Germany,12.17,244
10229,416.33,6,196,2022-06-28,2023-12-12,Singapore,69.39,532
10230,126.37,5,43,2022-01-03,2023-12-12,United Kingdom,25.27,708
10231,471.84,5,115,2022-12-15,2023-12-01,Italy,94.37,351
10232,259.08,5,187,2022-01-10,2023-08-14,Finland,51.82,581
10233,573.84,11,302,2022-07-26,2023-11-13,Belgium,52.17,475
10234,335.37,5,181,2022-04-04,2023-12-23,Finland,67.07,628
10235,40.48,1,44,2022-05-01,2022-05-01,Japan,40.48,0
10236,259.64,5,114,2022-05-01,2022-11-08,Australia,51.93,191
10237,123.32,5,109,2022-05-09,2023-12-07,United Kingdom,24.66,577
10238,175.18,4,93,2022-10-21,2023-12-22,Germany,43.8,427
10239,403.81,5,119,2022-09-18,2023-11-15,United Kingdom,80.76,423
10240,122.74000000000001,4,62,2022-10-29,2023-12-15,Australia,30.68,412
10241,378.18,5,152,2022-05-14,2023-10-09,Denmark,75.64,513
10242,411.38,8,189,2022-02-26,2023-12-22,United Kingdom,51.42,664
10243,429.67,10,272,2022-02-01,2023-12-10,United Kingdom,42.97,677
10244,355.78000000000003,5,147,2022-03-11,2023-12-20,Australia,71.16,649
10245,369.13,4,89,2022-10-06,2023-12-03,United Kingdom,92.28,423
10246,873.0,6,173,2022-02-14,2023-11-24,United Kingdom,145.5,648
10247,220.83,5,84,2022-10-18,2023-12-19,United Kingdom,44.17,427
10248,271.57,7,107,2022-03-20,2023-11-22,United Kingdom,38.8,612
10249,126.58,3,70,2022-12-06,2023-11-25,France,42.19,354
10250,601.73,6,194,2022-09-19,2023-10-13,United Kingdom,100.29,389
10251,226.42000000000002,3,104,2022-06-03,2022-12-27,United Kingdom,75.47,207
10252,421.26,7,228,2022-09-24,2023-12-22,Germany,60.18,454
10253,226.78,2,59,2022-09-30,2023-08-23,France,113.39,327
10254,893.11,5,187,2022-03-22,2022-12-08,Australia,178.62,261
10255,383.7,5,152,2022-10-03,2023-12-16,United Kingdom,76.74,439
10256,543.07,9,206,2022-03-18,2023-11-15,United Kingdom,60.34,607
10257,140.67000000000002,3,44,2022-04-16,2023-10-17,Germany,46.89,549
10258,284.82,10,138,2022-07-11,2023-11-06,United Kingdom,28.48,483
10259,622.16,8,211,2022-01-26,2023-12-28,United Kingdom,77.77,701
10260,160.55,6,120,2022-10-21,2023-12-03,United Kingdom,26.76,408
10261,227.47,5,90,2022-05-10,2023-12-25,United Kingdom,45.49,594
10262,270.24,5,159,2022-04-26,2023-11-01,United Kingdom,54.05,554
10263,248.27,7,188,2022-02-15,2023-11-24,United Kingdom,35.47,647
10264,157.05,5,88,2022-02-12,2023-10-20,United Kingdom,31.41,615
10265,268.92,4,78,2022-01-18,2023-03-29,United Kingdom,67.23,435
10266,80.14,3,66,2023-08-01,2023-11-25,Germany,26.71,116
10267,36.45,2,28,2022-07-25,2022-12-08,United Kingdom,18.23,136
10268,156.42000000000002,5,89,2022-07-16,2023-10-13,United Kingdom,31.28,454
10269,245.32,7,138,2022-07-22,2023-11-25,Germany,35.05,491
10270,310.0,8,168,2022-04-11,2023-09-02,United Kingdom,38.75,509
10271,607.4100000000001,7,169,2022-02-25,2023-06-27,United Kingdom,86.77,487
10272,301.14,5,80,2023-01-05,2023-10-25,United Kingdom,60.23,293
10273,285.65,7,139,2022-02-26,2023-12-11,United Kingdom,40.81,653
10274,398.27,10,243,2022-05-01,2023-12-10,United Kingdom,39.83,588
10275,557.04,9,196,2022-03-31,2023-12-04,United Kingdom,61.89,613
10276,519.43,6,103,2022-03-22,2023-08-22,Germany,86.57,518
10277,753.0600000000001,12,284,2022-05-05,2023-12-23,United Kingdom,62.76,597
10278,510.52,5,122,2022-04-26,2023-11-17,Australia,102.1,570
10279,684.61,9,225,2022-01-14,2023-12-01,United Kingdom,76.07,686
10280,995.1,8,180,2022-01-08,2023-11-16,Canada,124.39,677
10281,195.6,4,106,2022-06-03,2023-11-26,United Kingdom,48.9,541
10282,442.19,8,149,2022-10-13,2023-12-11,United Kingdom,55.27,424
10283,515.7,4,143,2022-10-24,2023-10-07,United Kingdom,128.93,348
10284,327.86,6,173,2022-11-26,2023-11-05,United Kingdom,54.64,344
10285,988.69,9,239,2022-02-16,2023-12-18,United Kingdom,109.85,670
10286,764.84,11,253,2022-10-22,2023-12-20,Australia,69.53,424
10287,387.78,5,170,2022-11-18,2023-12-16,United Kingdom,77.56,393
10288,339.48,6,120,2022-02-28,2023-11-14,United Kingdom,56.58,624
10289,759.73,9,248,2022-02-05,2023-12-11,United Kingdom,84.41,674
10290,1192.65,9,207,2022-01-12,2023-12-11,Spain,132.52,698
10291,19.54,3,27,2022-11-22,2023-09-01,Belgium,6.51,283
10292,719.13,9,277,2022-10-16,2023-12-21,United Kingdom,79.9,431
10293,647.92,6,178,2022-06-27,2023-12-14,Australia,107.99,535
10294,209.27,6,131,2022-02-20,2023-02-01,United Kingdom,34.88,346
10295,860.89,8,184,2022-01-21,2023-12-01,United Kingdom,107.61,679
10296,263.75,4,116,2022-12-05,2023-10-06,United Kingdom,65.94,305
10297,304.40999999999997,5,117,2022-04-06,2023-11-09,Italy,60.88,582
10298,238.55,5,117,2022-10-24,2023-10-29,United Kingdom,47.71,370
10299,42.05,2,46,2022-02-24,2023-12-16,Japan,21.02,660
10300,1329.03,8,238,2022-11-03,2023-12-20,Italy,166.13,412
10301,618.72,9,173,2022-02-26,2023-12-22,United Kingdom,68.75,664
10302,67.6,2,62,2023-06-08,2023-12-27,Netherlands,33.8,202
10303,151.59,4,106,2022-06-15,2023-11-16,Australia,37.9,519
10304,526.73,4,131,2022-01-23,2023-12-23,Japan,131.68,699
10305,420.64,7,184,2022-01-22,2023-12-31,United Kingdom,60.09,708
10306,89.14000000000001,4,111,2022-09-16,2023-11-05,Australia,22.29,415
10307,197.20000000000002,3,108,2022-08-25,2023-03-26,Japan,65.73,213
10308,276.33000000000004,4,117,2022-04-04,2023-11-26,Canada,69.08,601
10309,545.52,7,148,2022-07-10,2023-11-20,United Kingdom,77.93,498
10310,886.52,10,300,2022-02-18,2023-12-12,France,88.65,662
10311,495.61,8,243,2022-09-06,2023-12-11,Denmark,61.95,461
10312,203.96,4,148,2022-07-03,2023-11-06,United Kingdom,50.99,491
10313,347.52000000000004,4,97,2022-10-18,2023-11-21,Norway,86.88,399
10314,360.28,5,78,2022-01-27,2023-11-02,United Kingdom,72.06,644
10315,544.96,10,201,2022-03-21,2023-12-08,United Kingdom,54.5,627
10316,226.91,5,173,2022-08-17,2023-12-02,Netherlands,45.38,472
10317,298.6,3,117,2022-08-06,2022-10-17,Italy,99.53,72
10318,729.77,7,172,2022-02-01,2023-12-21,Canada,104.25,688
10319,211.95999999999998,5,109,2022-07-14,2022-12-15,Australia,42.39,154
10320,217.61,4,158,2022-05-01,2023-04-19,United Kingdom,54.4,353
10321,908.41,9,208,2022-05-06,2023-12-06,United Kingdom,100.93,579
10322,180.02,5,94,2022-11-11,2023-11-20,United Kingdom,36.0,374
10323,349.14,6,192,2022-08-07,2023-11-03,United Kingdom,58.19,453
10324,34.48,3,16,2023-10-24,2023-12-23,United Kingdom,11.49,60
10325,257.4,5,110,2022-01-25,2023-09-16,United Kingdom,51.48,599
10326,358.26,6,208,2022-08-10,2023-11-10,United Kingdom,59.71,457
10327,669.21,12,303,2022-03-24,2023-12-16,United Kingdom,55.77,632
10328,291.96000000000004,3,132,2022-08-27,2023-12-13,Germany,97.32,473
10329,185.95,3,87,2022-05-25,2023-10-18,Belgium,61.98,511
10330,726.01,9,271,2022-03-24,2023-10-04,United Kingdom,80.67,559
10331,147.51999999999998,4,57,2022-12-01,2023-10-29,United Kingdom,36.88,332
10332,729.54,5,188,2022-03-29,2023-12-28,Australia,145.91,639
10333,68.25,2,25,2022-02-28,2023-01-01,France,34.12,307
10334,241.82,12,262,2022-01-21,2023-12-16,United Kingdom,20.15,694
10335,301.34999999999997,7,173,2022-02-11,2023-12-09,United Kingdom,43.05,666
10336,96.56,4,46,2022-09-22,2023-10-27,United Kingdom,24.14,400
10337,154.04,3,77,2022-02-27,2023-01-05,United Kingdom,51.35,312
10338,377.09000000000003,3,95,2022-01-02,2023-11-28,Netherlands,125.7,695
10339,507.11,7,129,2022-01-06,2023-12-26,United Kingdom,72.44,719
10340,663.73,9,264,2022-02-14,2023-12-25,United Kingdom,73.75,679
10341,724.8100000000001,8,211,2022-07-08,2023-12-19,United Kingdom,90.6,529
10342,112.64,4,59,2022-03-05,2023-10-06,United Kingdom,28.16,580
10343,199.2,5,102,2022-04-10,2023-07-27,United Kingdom,39.84,473
10344,1090.96,9,244,2022-02-12,2023-10-28,Australia,121.22,623
10345,137.18,4,64,2022-06-24,2023-11-05,Germany,34.3,499
10346,378.45,5,159,2022-10-02,2023-12-15,United Kingdom,75.69,439
10347,216.84,7,189,2022-01-22,2023-12-22,United Kingdom,30.98,699
10348,768.99,8,211,2022-11-04,2023-12-21,United Kingdom,96.12,412
10349,503.31,8,194,2022-02-02,2023-11-21,United Kingdom,62.91,657
10350,181.04,4,75,2022-04-27,2022-12-15,United Kingdom,45.26,232
10351,497.48,5,168,2022-02-02,2023-03-02,United Kingdom,99.5,393
10352,204.74,6,165,2022-02-19,2023-11-22,Germany,34.12,641
10353,388.27,5,85,2022-04-09,2023-11-20,Australia,77.65,590
10354,459.13,8,225,2022-01-07,2023-12-18,United Kingdom,57.39,710
10355,753.4100000000001,8,241,2022-03-17,2023-12-06,Spain,94.18,629
10356,516.9,9,229,2022-07-22,2023-12-29,Netherlands,57.43,525
10357,78.2,2,30,2022-05-15,2023-01-31,France,39.1,261
10358,546.57,8,210,2022-03-04,2023-11-21,United Kingdom,68.32,627
10359,295.65,7,126,2022-01-30,2023-11-07,Spain,42.24,646
10360,206.66,5,116,2022-04-10,2023-02-25,United Kingdom,41.33,321
10361,127.55,4,76,2022-10-26,2023-11-20,United Kingdom,31.89,390
10362,2021.58,6,210,2022-04-12,2023-12-15,United Kingdom,336.93,612
10363,285.52,8,212,2022-10-12,2023-12-09,United Kingdom,35.69,423
10364,89.05,3,75,2022-11-04,2023-10-05,Germany,29.68,335
10365,77.06,3,28,2022-10-10,2023-12-16,United Kingdom,25.69,432
10366,550.66,8,208,2022-01-04,2023-12-22,United Kingdom,68.83,717
10367,706.02,6,157,2022-08-11,2023-12-01,United Kingdom,117.67,477
10368,223.84000000000003,5,145,2022-04-19,2023-01-02,United Kingdom,44.77,258
10369,911.91,11,282,2022-10-01,2023-12-21,United Kingdom,82.9,446
10370,195.82999999999998,6,105,2022-03-01,2023-12-25,United Kingdom,32.64,664
10371,214.31,5,71,2022-12-25,2023-12-30,United Kingdom,42.86,370
10372,413.93,6,171,2022-08-20,2023-12-26,United Kingdom,68.99,493
10373,372.09,7,141,2022-01-22,2023-12-12,United Kingdom,53.16,689
10374,736.1800000000001,8,211,2022-07-02,2023-12-26,Germany,92.02,542
10375,273.08000000000004,7,189,2022-04-26,2023-03-18,United Kingdom,39.01,326
10376,1053.83,9,279,2022-04-04,2023-10-09,United Kingdom,117.09,553
10377,515.65,7,212,2022-09-19,2023-12-17,Belgium,73.66,454
10378,1005.58,9,245,2022-01-09,2023-12-19,United Kingdom,111.73,709
10379,102.68,3,62,2022-08-18,2023-05-16,United Kingdom,34.23,271
10380,476.75,5,153,2022-03-31,2023-11-21,Germany,95.35,600
10381,332.11,9,191,2022-02-22,2023-10-02,United Kingdom,36.9,587
10382,345.24,5,156,2022-02-14,2023-11-07,France,69.05,631
10383,327.77,5,119,2022-02-18,2023-11-24,United Kingdom,65.55,644
10384,351.90999999999997,5,141,2022-11-19,2023-11-28,Netherlands,70.38,374
10385,277.91,4,107,2022-06-16,2023-12-12,United Kingdom,69.48,544
10386,306.25,7,132,2022-04-12,2023-10-16,Spain,43.75,552
10387,279.58000000000004,3,68,2022-02-09,2023-11-05,Belgium,93.19,634
10388,455.13,8,228,2022-04-20,2023-12-24,France,56.89,613
10389,17.85,1,17,2023-12-06,2023-12-06,United Kingdom,17.85,0
10390,163.36,2,66,2023-09-24,2023-12-04,Germany,81.68,71
10391,853.29,5,109,2022-02-20,2023-10-20,United Kingdom,170.66,607
10392,156.22,3,108,2022-11-26,2023-10-20,United Kingdom,52.07,328
10393,406.68,4,99,2022-04-15,2023-03-04,United Kingdom,101.67,323
10394,655.03,11,264,2022-05-03,2023-12-21,United Kingdom,59.55,597
10395,238.38,5,117,2022-08-23,2023-11-21,United Kingdom,47.68,455
10396,781.91,5,155,2022-06-10,2023-07-27,Denmark,156.38,412
10397,356.31,7,174,2022-01-24,2023-11-09,United Kingdom,50.9,654
10398,354.18,6,154,2022-01-27,2023-11-13,United Kingdom,59.03,655
10399,174.59,4,101,2022-03-27,2023-12-01,Australia,43.65,614
10400,532.26,2,81,2022-04-24,2022-06-28,Australia,266.13,65
10401,567.36,7,221,2022-10-18,2023-11-10,France,81.05,388
10402,831.55,10,310,2022-06-11,2023-12-06,United Kingdom,83.16,543
10403,245.84,3,80,2022-08-16,2023-10-09,Portugal,81.95,419
10404,315.47,4,133,2022-11-08,2023-12-01,Netherlands,78.87,388
10405,458.63,6,180,2022-02-02,2023-11-12,United Kingdom,76.44,648
10406,153.63,6,117,2022-01-18,2023-09-28,United Kingdom,25.6,618
10407,79.57,2,46,2023-03-09,2023-11-11,Netherlands,39.78,247
10408,431.78000000000003,3,87,2022-03-14,2023-11-12,United Kingdom,143.93,608
10409,558.0,6,186,2022-09-03,2023-10-21,United Kingdom,93.0,413
10410,84.39,4,78,2022-02-13,2023-03-11,Canada,21.1,391
10411,185.57999999999998,5,148,2022-09-07,2023-12-02,Netherlands,37.12,451
10412,616.28,9,221,2022-03-19,2023-12-13,United Kingdom,68.48,634
10413,166.29000000000002,4,84,2022-04-19,2022-12-25,United Kingdom,41.57,250
10414,78.46,5,49,2022-03-31,2023-12-02,United Kingdom,15.69,611
10415,82.02,5,58,2022-03-19,2023-09-20,France,16.4,550
10416,787.05,11,212,2022-02-25,2023-01-05,United Kingdom,71.55,314
10417,389.24,4,117,2022-06-10,2023-10-22,Australia,97.31,499
10418,209.71,6,96,2022-05-24,2023-07-24,United Kingdom,34.95,426
10419,285.13,6,153,2022-06-07,2023-12-05,United Kingdom,47.52,546
10420,726.1499999999999,5,133,2022-03-04,2023-11-03,France,145.23,609
10421,337.0,5,138,2022-10-16,2023-11-28,France,67.4,408
10422,462.08,8,221,2022-01-04,2023-12-21,United Kingdom,57.76,716
10423,911.85,5,163,2022-01-04,2023-03-18,United Kingdom,182.37,438
10424,422.31,8,161,2022-04-27,2023-12-25,United Kingdom,52.79,607
10425,679.5500000000001,7,186,2022-06-05,2023-12-19,United Kingdom,97.08,562
10426,749.0,13,310,2022-04-23,2023-12-21,United Kingdom,57.62,607
10427,530.85,7,143,2022-03-31,2023-11-24,United Kingdom,75.84,603
10428,483.09000000000003,5,137,2023-01-07,2023-12-13,Spain,96.62,340
10429,687.7900000000001,9,239,2022-03-23,2023-11-17,United Kingdom,76.42,604
10430,486.19,4,88,2022-06-26,2023-12-17,Australia,121.55,539
10431,8.4,1,10,2023-12-16,2023-12-16,United Kingdom,8.4,0
10432,502.65000000000003,6,149,2022-05-25,2023-10-10,United Kingdom,83.78,503
10433,122.94999999999999,2,19,2022-01-27,2022-03-10,USA,61.47,42
10434,727.0400000000001,4,138,2022-06-22,2023-06-03,United Kingdom,181.76,346
10435,256.36,8,168,2022-03-24,2023-12-24,United Kingdom,32.04,640
10436,125.49,3,67,2022-09-05,2023-07-08,United Kingdom,41.83,306
10437,262.48,5,122,2022-05-07,2023-08-27,United Kingdom,52.5,477
10438,47.78,3,34,2022-01-01,2022-12-08,Canada,15.93,341
10439,765.14,6,133,2022-01-19,2023-12-19,United Kingdom,127.52,699
10440,328.7,6,122,2022-03-19,2023-11-26,France,54.78,617
10441,327.05,6,168,2022-01-08,2023-11-11,Australia,54.51,672
10442,304.32000000000005,3,117,2022-03-03,2023-10-16,Canada,101.44,592
10443,663.9,12,271,2022-06-14,2023-11-13,Germany,55.32,517
10444,350.2,5,131,2022-04-08,2023-12-10,United Kingdom,70.04,611
10445,1060.68,7,157,2022-03-18,2023-12-24,United Kingdom,151.53,646
10446,336.96000000000004,10,236,2022-03-01,2023-12-05,United Kingdom,33.7,644
10447,503.46999999999997,8,238,2022-02-10,2023-12-02,United Kingdom,62.93,660
10448,756.76,9,215,2022-04-14,2023-12-22,France,84.08,617
10449,95.3,2,44,2022-02-14,2023-01-16,United Kingdom,47.65,336
10450,399.49,5,119,2022-10-13,2023-12-13,United Kingdom,79.9,426
10451,659.1099999999999,7,199,2022-05-17,2023-12-24,United Kingdom,94.16,586
10452,189.93,3,31,2022-10-14,2023-06-06,Finland,63.31,235
10453,240.11999999999998,3,72,2022-02-12,2023-04-24,Germany,80.04,436
10454,710.76,7,166,2022-06-03,2023-12-24,United Kingdom,101.54,569
10455,1179.43,14,470,2022-01-03,2023-12-28,United Kingdom,84.24,724
10456,483.49,7,179,2022-07-23,2023-12-09,Australia,69.07,504
10457,324.04,6,138,2022-12-03,2023-12-28,Switzerland,54.01,390
10458,466.62,5,143,2022-04-24,2023-09-26,United Kingdom,93.32,520
10459,333.79,6,143,2022-01-16,2023-12-22,United Kingdom,55.63,705
10460,224.08,3,66,2022-09-29,2023-12-25,United Kingdom,74.69,452
10461,439.29,8,183,2022-04-19,2023-06-05,United Kingdom,54.91,412
10462,285.34000000000003,4,96,2022-01-02,2023-10-05,United Kingdom,71.34,641
10463,246.98,4,127,2022-11-21,2023-10-19,Spain,61.74,332
10464,380.0,9,197,2022-01-09,2023-12-23,France,42.22,713
10465,507.21999999999997,6,152,2022-09-09,2023-11-16,United Kingdom,84.54,433
10466,242.34,7,142,2022-01-14,2023-09-22,United Kingdom,34.62,616
10467,120.78,3,66,2022-05-24,2023-08-29,United Kingdom,40.26,462
10468,74.48,1,38,2022-11-19,2022-11-19,United Kingdom,74.48,0
10469,260.3,3,70,2022-01-02,2023-12-22,United Kingdom,86.77,719
10470,255.52000000000004,4,113,2022-10-07,2023-12-27,Australia,63.88,446
10471,961.28,6,146,2022-02-06,2023-10-04,Denmark,160.21,605
10472,560.92,7,190,2022-04-26,2023-12-07,Germany,80.13,590
10473,94.77,4,63,2022-07-16,2023-02-03,United Kingdom,23.69,202
10474,73.74000000000001,2,59,2023-05-12,2023-12-10,Denmark,36.87,212
10475,327.82,8,171,2022-05-09,2023-12-24,United Kingdom,40.98,594
10476,331.26,6,166,2022-01-25,2023-12-26,United Kingdom,55.21,700
10477,488.29,6,196,2023-01-19,2023-09-23,United Kingdom,81.38,247
10478,309.22,7,209,2022-07-11,2023-12-11,United Kingdom,44.17,518
10479,657.73,5,150,2022-11-08,2023-12-11,United Kingdom,131.55,398
10480,449.4,7,212,2022-08-21,2023-09-27,Netherlands,64.2,402
10481,843.65,8,159,2022-02-25,2023-11-13,United Kingdom,105.46,626
10482,263.5,2,49,2023-08-06,2023-12-23,Finland,131.75,139
10483,270.62,6,175,2022-02-02,2023-10-11,United Kingdom,45.1,616
10484,294.92,6,120,2022-06-20,2023-11-24,United Kingdom,49.15,522
10485,176.22,3,44,2022-03-18,2022-11-05,United Kingdom,58.74,232
10486,276.76,6,154,2022-03-30,2023-12-14,United Kingdom,46.13,624
10487,171.76,4,96,2022-02-12,2023-10-10,Belgium,42.94,605
10488,381.23999999999995,3,81,2023-08-01,2023-11-26,United Kingdom,127.08,117
10489,243.67,5,102,2022-02-27,2023-12-19,United Kingdom,48.73,660
10490,1055.27,5,153,2022-05-04,2023-10-27,United Kingdom,211.05,541
10491,604.77,5,177,2022-04-22,2023-07-02,United Kingdom,120.95,436
10492,248.34,5,122,2022-11-25,2023-12-27,Switzerland,49.67,397
10493,235.64,4,112,2022-11-04,2023-10-23,United Kingdom,58.91,353
10494,575.67,6,206,2022-01-11,2023-11-19,Germany,95.94,677
10495,246.79,4,75,2023-03-21,2023-11-22,France,61.7,246
10496,967.28,11,288,2022-01-18,2023-10-08,United Kingdom,87.93,628
10497,354.67,4,110,2022-09-03,2023-12-15,United Kingdom,88.67,468
10498,79.09,7,65,2022-04-30,2023-11-15,United Kingdom,11.3,564
10499,378.07,7,146,2022-10-03,2023-12-20,United Kingdom,54.01,443
10500,855.38,8,240,2022-01-03,2023-11-25,Italy,106.92,691
10501,445.99,9,200,2022-06-04,2023-12-09,Japan,49.55,553
10502,234.36,3,89,2022-11-04,2023-09-26,Belgium,78.12,326
10503,630.21,8,187,2022-04-06,2023-12-21,Netherlands,78.78,624
10504,414.31,11,234,2022-02-17,2023-11-25,United Kingdom,37.66,646
10505,480.7,7,240,2022-10-21,2023-11-15,United Kingdom,68.67,390
10506,158.23,6,77,2022-02-23,2023-10-08,Sweden,26.37,592
10507,278.95000000000005,4,122,2022-04-26,2023-05-12,Finland,69.74,381
10508,130.79,1,41,2023-01-23,2023-01-23,United Kingdom,130.79,0
10509,387.46000000000004,8,180,2022-03-29,2023-07-26,United Kingdom,48.43,484
10510,503.19,7,218,2022-01-04,2023-12-16,France,71.88,711
10511,80.18,4,79,2022-12-15,2023-12-20,Germany,20.05,370
10512,278.16,5,62,2022-11-04,2023-11-23,United Kingdom,55.63,384
10513,184.6,4,101,2022-07-04,2023-12-05,United Kingdom,46.15,519
10514,289.03,6,140,2022-03-11,2023-10-17,United Kingdom,48.17,585
10515,134.92,4,69,2022-06-30,2023-11-04,Finland,33.73,492
10516,214.23,4,106,2022-11-04,2023-10-16,Belgium,53.56,346
10517,175.17,4,102,2022-01-06,2022-11-10,Australia,43.79,308
10518,373.73,6,142,2022-09-04,2023-10-17,USA,62.29,408
10519,588.96,3,132,2022-08-15,2023-09-23,United Kingdom,196.32,404
10520,720.9,6,115,2022-06-24,2023-12-19,United Kingdom,120.15,543
10521,984.01,6,175,2022-03-19,2023-05-15,United Kingdom,164.0,422
10522,396.36,7,181,2022-01-04,2023-08-29,Australia,56.62,602
10523,948.31,9,281,2022-03-26,2023-12-01,United Kingdom,105.37,615
10524,19.8,2,33,2023-09-20,2023-09-29,United Kingdom,9.9,9
10525,302.6,7,156,2022-11-12,2023-12-27,Switzerland,43.23,410
10526,226.56,4,66,2022-01-17,2023-08-02,United Kingdom,56.64,562
10527,523.61,7,157,2022-06-22,2023-10-24,United Kingdom,74.8,489
10528,329.21,6,95,2022-01-29,2023-09-02,United Kingdom,54.87,581
10529,207.73,6,110,2022-04-11,2023-12-27,Australia,34.62,625
10530,341.96999999999997,9,244,2022-02-22,2023-12-12,United Kingdom,38.0,658
10531,698.97,12,350,2022-01-23,2023-11-09,United Kingdom,58.25,655
10532,452.92,5,132,2022-04-04,2023-08-17,United Kingdom,90.58,500
10533,349.65000000000003,4,108,2023-10-09,2023-12-03,Germany,87.41,55
10534,114.26,3,69,2022-05-07,2023-10-27,Netherlands,38.09,538
10535,125.21,3,98,2023-01-28,2023-05-23,Australia,41.74,115
10536,891.9,9,268,2022-05-01,2023-11-17,Netherlands,99.1,565
10537,657.12,9,273,2022-06-02,2023-11-22,Germany,73.01,538
10538,13.16,1,28,2022-09-30,2022-09-30,USA,13.16,0
10539,425.15,6,121,2022-02-15,2023-05-06,United Kingdom,70.86,445
10540,643.29,5,115,2022-12-10,2023-10-27,United Kingdom,128.66,321
10541,481.06,7,210,2022-01-26,2023-10-24,Germany,68.72,636
10542,232.36,3,74,2023-01-18,2023-12-10,United Kingdom,77.45,326
10543,158.34,4,68,2022-05-13,2023-04-13,United Kingdom,39.58,335
10544,192.94,4,88,2022-01-07,2023-12-26,Finland,48.24,718
10545,360.09000000000003,5,152,2022-01-29,2023-05-26,Spain,72.02,482
10546,0.63,1,1,2022-11-16,2022-11-16,Germany,0.63,0
10547,996.53,5,169,2022-10-01,2023-09-01,United Kingdom,199.31,335
10548,809.07,9,296,2022-05-08,2023-11-21,United Kingdom,89.9,562
10549,567.52,6,151,2022-04-01,2023-06-27,United Kingdom,94.59,452
10550,839.87,8,223,2022-08-24,2023-12-15,United Kingdom,104.98,478
10551,1129.1399999999999,8,189,2022-03-24,2023-05-04,Switzerland,141.14,406
10552,317.54999999999995,4,66,2022-09-29,2023-10-11,United Kingdom,79.39,377
10553,324.44,9,181,2022-09-05,2023-11-23,United Kingdom,36.05,444
10554,1658.34,10,317,2022-01-04,2023-12-12,United Kingdom,165.83,707
10555,287.15999999999997,5,92,2022-08-12,2023-12-09,Australia,57.43,484
10556,266.04,4,97,2022-01-31,2023-10-26,Netherlands,66.51,633
10557,201.6,5,105,2022-02-28,2023-10-10,United Kingdom,40.32,589
10558,116.13,5,83,2022-05-21,2023-12-30,Australia,23.23,588
10559,270.08,2,61,2022-11-25,2023-11-25,Germany,135.04,365
10560,365.98,4,104,2022-10-27,2023-10-19,United Kingdom,91.5,357
10561,963.73,7,160,2022-03-19,2023-12-27,United Kingdom,137.68,648
10562,353.21999999999997,7,128,2022-08-07,2023-12-07,United Kingdom,50.46,487
10563,853.47,4,104,2022-04-25,2023-06-17,United Kingdom,213.37,418
10564,285.90999999999997,4,133,2022-01-26,2022-12-17,United Kingdom,71.48,325
10565,538.6,7,193,2022-08-10,2023-10-22,United Kingdom,76.94,438
10566,54.24,4,52,2022-04-07,2023-12-01,United Kingdom,13.56,603
10567,378.06,5,110,2022-10-10,2023-12-01,United Kingdom,75.61,417
10568,1072.5,8,261,2022-04-28,2023-10-19,United Kingdom,134.06,539
10569,835.4499999999999,9,191,2022-01-19,2023-12-10,Finland,92.83,690
10570,544.23,7,169,2022-06-09,2023-10-10,France,77.75,488
10571,379.32,3,103,2022-10-19,2023-11-08,United Kingdom,126.44,385
10572,347.52,4,108,2022-04-16,2023-12-06,Finland,86.88,599
10573,952.76,5,190,2022-01-30,2023-10-05,United Kingdom,190.55,613
10574,935.18,9,217,2022-01-18,2023-09-02,United Kingdom,103.91,592
10575,714.85,3,55,2022-09-09,2023-12-14,United Kingdom,238.28,461
10576,259.22,5,129,2022-03-10,2023-06-26,Switzerland,51.84,473
10577,809.4399999999999,6,147,2022-08-04,2023-12-08,United Kingdom,134.91,491
10578,141.81,4,80,2022-03-31,2023-05-20,Germany,35.45,415
10579,58.62,4,68,2022-08-30,2023-07-18,France,14.66,322
10580,313.85,6,204,2022-08-07,2023-12-18,Australia,52.31,498
10581,175.6,3,47,2022-05-22,2023-09-11,Canada,58.53,477
10582,103.43,5,118,2022-05-12,2023-12-04,United Kingdom,20.69,571
10583,575.51,8,210,2022-02-18,2023-11-29,Switzerland,71.94,649
10584,178.4,3,98,2022-06-21,2023-12-12,Germany,59.47,539
10585,1359.65,7,204,2022-04-14,2023-07-03,Australia,194.24,445
10586,650.0699999999999,3,79,2022-05-04,2023-11-07,United Kingdom,216.69,552
10587,245.66000000000003,4,77,2022-03-07,2023-10-13,France,61.42,585
10588,290.32,5,160,2022-02-05,2023-11-02,United Kingdom,58.06,635
10589,238.9,7,175,2022-06-20,2023-06-22,France,34.13,367
10590,337.9,7,172,2022-08-18,2023-12-05,United Kingdom,48.27,474
10591,84.58,4,70,2022-07-05,2023-09-22,Australia,21.14,444
10592,366.08,8,134,2022-02-09,2023-12-09,United Kingdom,45.76,668
10593,372.28,8,216,2022-01-06,2023-11-07,Australia,46.54,670
10594,406.97,8,218,2022-02-08,2023-12-08,United Kingdom,50.87,668
10595,92.34,2,42,2022-09-11,2023-12-26,Australia,46.17,471
10596,1052.84,5,153,2022-01-13,2023-12-13,Canada,210.57,699
10597,541.9300000000001,6,168,2022-12-27,2023-12-03,France,90.32,341
10598,247.77,4,132,2022-01-23,2023-12-08,Belgium,61.94,684
10599,817.0999999999999,12,339,2022-03-12,2023-12-23,United Kingdom,68.09,651
10600,379.7,6,170,2022-06-18,2023-02-04,United Kingdom,63.28,231
10601,322.39,5,85,2022-09-21,2023-12-16,United Kingdom,64.48,451
10602,144.28,4,83,2022-07-10,2023-10-03,United Kingdom,36.07,450
10603,403.09999999999997,7,175,2022-02-11,2023-12-21,Canada,57.59,678
10604,136.63,4,102,2022-02-16,2023-11-21,Australia,34.16,643
10605,605.0,6,181,2022-10-08,2023-12-24,United Kingdom,100.83,442
10606,451.55,9,249,2022-01-05,2023-10-23,United Kingdom,50.17,656
10607,837.45,7,237,2022-01-09,2023-10-07,United Kingdom,119.64,636
10608,208.54,3,87,2022-02-18,2022-11-11,Germany,69.51,266
10609,311.96999999999997,8,159,2022-11-13,2023-12-10,United Kingdom,39.0,392
10610,685.87,11,237,2022-02-21,2023-11-28,United Kingdom,62.35,645
10611,660.46,5,114,2022-05-14,2023-12-30,Germany,132.09,595
10612,816.73,8,261,2022-08-18,2023-12-10,United Kingdom,102.09,479
10613,215.41,5,102,2022-06-17,2023-12-13,United Kingdom,43.08,544
10614,881.1700000000001,16,393,2022-03-21,2023-12-30,United Kingdom,55.07,649
10615,118.52,4,62,2022-04-26,2023-12-16,Netherlands,29.63,599
10616,315.19,5,180,2022-10-23,2023-12-12,United Kingdom,63.04,415
10617,997.26,7,213,2022-02-04,2023-10-13,United Kingdom,142.47,616
10618,244.51999999999998,4,133,2022-07-03,2023-05-12,United Kingdom,61.13,313
10619,526.05,6,200,2022-02-25,2023-12-05,United Kingdom,87.68,648
10620,208.2,2,65,2023-03-19,2023-11-10,France,104.1,236
10621,244.12,3,99,2022-04-07,2023-10-24,Germany,81.37,565
10622,480.08,7,185,2022-01-31,2023-12-20,United Kingdom,68.58,688
10623,365.71999999999997,5,134,2022-06-09,2023-10-25,United Kingdom,73.14,503
10624,269.23,8,147,2022-01-27,2023-10-25,United Kingdom,33.65,636
10625,1222.8400000000001,8,219,2022-01-18,2023-12-26,United Kingdom,152.86,707
10626,283.17,4,126,2022-02-26,2023-12-21,United Kingdom,70.79,663
10627,132.56,2,46,2023-05-15,2023-07-03,United Kingdom,66.28,49
10628,107.46000000000001,4,96,2022-01-09,2023-04-20,United Kingdom,26.86,466
10629,181.43,7,169,2022-01-10,2023-12-06,France,25.92,695
10630,448.06,5,151,2022-11-19,2023-10-12,USA,89.61,327
10631,228.55,5,102,2022-07-05,2023-12-24,United Kingdom,45.71,537
10632,114.24,3,88,2022-11-19,2023-11-03,United Kingdom,38.08,349
10633,129.62,4,92,2022-08-02,2023-11-07,United Kingdom,32.4,462
10634,290.99,5,126,2022-10-25,2023-10-11,United Kingdom,58.2,351
10635,533.0799999999999,7,98,2022-05-05,2023-11-21,United Kingdom,76.15,565
10636,212.10999999999999,4,80,2022-03-18,2023-09-02,United Kingdom,53.03,533
10637,860.71,4,118,2022-05-25,2023-11-27,United Kingdom,215.18,551
10638,204.87,5,141,2022-04-29,2023-12-18,United Kingdom,40.97,598
10639,173.59,3,84,2022-05-24,2023-08-09,Finland,57.86,442
10640,469.15000000000003,4,119,2022-09-09,2023-11-16,United Kingdom,117.29,433
10641,1174.47,9,270,2022-03-15,2023-10-28,Germany,130.5,592
10642,264.83000000000004,6,153,2022-01-14,2023-11-22,United Kingdom,44.14,677
10643,211.25,2,53,2022-11-19,2023-10-26,Finland,105.62,341
10644,195.05,3,105,2022-04-30,2023-12-17,United Kingdom,65.02,596
10645,636.93,8,230,2022-06-27,2023-10-20,United Kingdom,79.62,480
10646,115.6,3,38,2022-05-24,2023-11-27,Canada,38.53,552
10647,404.91999999999996,8,195,2022-04-21,2023-12-17,United Kingdom,50.61,605
10648,187.1,4,87,2022-06-25,2023-12-08,United Kingdom,46.78,531
10649,69.33000000000001,3,40,2022-05-09,2023-11-27,United Kingdom,23.11,567
10650,369.71,6,134,2022-05-02,2023-01-09,United Kingdom,61.62,252
10651,860.9699999999999,11,234,2022-01-22,2023-12-23,United Kingdom,78.27,700
10652,162.44,6,124,2022-04-18,2023-11-16,United Kingdom,27.07,577
10653,822.28,8,247,2022-01-19,2023-04-26,United Kingdom,102.78,462
10654,348.02,6,169,2022-10-19,2023-12-31,Germany,58.0,438
10655,358.86,8,189,2022-03-25,2023-11-26,United Kingdom,44.86,611
10656,143.42,6,109,2022-11-28,2023-11-24,United Kingdom,23.9,361
10657,332.95,7,226,2022-04-27,2023-12-11,United Kingdom,47.56,593
10658,941.6800000000001,9,170,2022-01-01,2023-11-05,United Kingdom,104.63,673
10659,369.69,6,189,2022-10-05,2023-12-01,France,61.62,422
10660,408.63,8,211,2022-11-09,2023-12-09,Netherlands,51.08,395
10661,49.0,5,48,2022-04-28,2023-05-30,Belgium,9.8,397
10662,174.75,4,77,2023-01-18,2023-12-27,United Kingdom,43.69,343
10663,1006.42,4,122,2022-02-27,2023-12-26,United Kingdom,251.6,667
10664,161.32,4,68,2022-03-19,2023-10-20,Australia,40.33,580
10665,182.57,6,121,2022-11-10,2023-11-22,Spain,30.43,377
10666,56.78,3,47,2022-01-07,2023-06-26,Australia,18.93,535
10667,86.82,4,44,2022-09-03,2023-05-15,United Kingdom,21.7,254
10668,838.71,6,225,2022-12-20,2023-12-16,United Kingdom,139.78,361
10669,215.03,6,140,2022-03-12,2023-11-02,Germany,35.84,600
10670,841.5,8,255,2022-03-08,2023-12-10,United Kingdom,105.19,642
10671,112.39,2,58,2023-01-01,2023-06-05,Japan,56.2,155
10672,631.59,5,166,2022-10-07,2023-10-12,United Kingdom,126.32,370
10673,464.85,8,215,2022-11-14,2023-11-02,United Kingdom,58.11,353
10674,369.69,8,187,2022-02-17,2023-11-08,United Kingdom,46.21,629
10675,333.12,6,153,2022-05-31,2023-07-13,United Kingdom,55.52,408
10676,398.98999999999995,5,116,2022-05-24,2023-07-08,United Kingdom,79.8,410
10677,159.46,5,136,2022-04-01,2022-11-16,Germany,31.89,229
10678,244.14,5,118,2022-03-08,2023-11-16,USA,48.83,618
10679,430.64,4,116,2022-08-02,2023-12-08,France,107.66,493
10680,145.78,2,41,2023-05-10,2023-10-04,United Kingdom,72.89,147
10681,174.64,4,116,2022-04-18,2023-12-21,Netherlands,43.66,612
10682,313.78,4,108,2022-10-22,2022-12-15,United Kingdom,78.44,54
10683,458.26000000000005,6,189,2022-06-19,2023-12-09,France,76.38,538
10684,148.70999999999998,2,89,2022-05-05,2022-10-10,Canada,74.35,158
10685,1357.78,8,326,2022-12-05,2023-11-01,United Kingdom,169.72,331
10686,398.48,8,236,2022-01-04,2023-07-06,United Kingdom,49.81,548
10687,163.0,5,134,2022-02-28,2023-12-20,Spain,32.6,660
10688,777.1,6,209,2022-10-28,2023-11-28,United Kingdom,129.52,396
10689,708.11,8,270,2022-10-14,2023-10-19,Australia,88.51,370
10690,14.43,3,20,2022-07-01,2023-12-04,France,4.81,521
10691,273.88,4,96,2022-01-13,2023-10-30,United Kingdom,68.47,655
10692,343.44,7,171,2022-04-21,2023-11-13,United Kingdom,49.06,571
10693,298.48,4,112,2022-01-23,2023-06-11,United Kingdom,74.62,504
10694,375.7,5,125,2022-02-17,2023-12-27,United Kingdom,75.14,678
10695,81.73,4,66,2022-10-16,2023-10-17,Denmark,20.43,366
10696,1488.78,10,287,2022-03-08,2023-12-08,United Kingdom,148.88,640
10697,196.71,3,44,2022-08-03,2023-10-28,Belgium,65.57,451
10698,138.26,3,105,2022-11-02,2023-10-10,Germany,46.09,342
10699,622.96,5,152,2022-02-04,2023-10-26,United Kingdom,124.59,629
10700,290.81000000000006,4,108,2022-11-15,2023-12-12,United Kingdom,72.7,392
10701,208.75,5,137,2022-12-18,2023-08-12,United Kingdom,41.75,237
10702,133.81,3,64,2022-04-04,2023-01-10,United Kingdom,44.6,281
10703,539.9,6,190,2022-02-14,2023-06-02,United Kingdom,89.98,473
10704,383.82,5,182,2022-04-21,2023-08-30,Japan,76.76,496
10705,1813.3500000000001,11,388,2022-10-06,2023-12-06,United Kingdom,164.85,426
10706,189.07,5,115,2023-03-28,2023-12-30,France,37.81,277
10707,456.03,3,103,2022-10-14,2023-06-05,United Kingdom,152.01,234
10708,104.1,1,10,2023-09-19,2023-09-19,United Kingdom,104.1,0
10709,123.22999999999999,7,69,2022-02-03,2023-10-18,United Kingdom,17.6,622
10710,257.4,6,140,2022-01-19,2023-10-16,Australia,42.9,635
10711,202.06,4,110,2022-08-17,2022-11-12,United Kingdom,50.52,87
10712,117.58,7,95,2022-04-03,2023-12-05,Germany,16.8,611
10713,228.72,5,131,2022-04-09,2023-12-23,United Kingdom,45.74,623
10714,534.0699999999999,9,281,2022-11-19,2023-12-21,United Kingdom,59.34,397
10715,535.55,3,100,2022-06-19,2023-06-03,Finland,178.52,349
10716,341.1,7,129,2022-11-11,2023-12-01,United Kingdom,48.73,385
10717,52.01,2,35,2022-04-17,2023-10-23,Norway,26.0,554
10718,268.73,5,184,2022-04-06,2023-12-15,United Kingdom,53.75,618
10719,1015.8700000000001,4,150,2022-01-03,2023-12-09,United Kingdom,253.97,705
10720,424.21999999999997,3,85,2022-01-10,2022-11-14,Germany,141.41,308
10721,602.59,6,174,2022-10-08,2023-10-15,United Kingdom,100.43,372
10722,263.25,5,127,2022-01-06,2023-03-06,United Kingdom,52.65,424
10723,350.46,5,165,2022-10-13,2023-12-17,United Kingdom,70.09,430
10724,1177.36,8,235,2022-01-28,2023-12-30,United Kingdom,147.17,701
10725,276.86,6,168,2022-03-14,2023-10-10,United Kingdom,46.14,575
10726,82.35,2,53,2022-11-21,2023-04-21,Australia,41.18,151
10727,552.95,2,63,2023-06-16,2023-08-29,Canada,276.48,74
10728,114.08,2,10,2022-08-15,2023-02-19,France,57.04,188
10729,250.88,8,156,2022-03-09,2023-12-22,United Kingdom,31.36,653
10730,119.59,6,129,2022-02-15,2023-06-09,United Kingdom,19.93,479
10731,204.53,5,131,2023-09-27,2023-12-06,Canada,40.91,70
10732,759.61,6,148,2022-02-15,2023-12-09,United Kingdom,126.6,662
10733,291.97,8,179,2022-01-26,2023-12-05,United Kingdom,36.5,678
10734,697.41,6,196,2022-06-16,2023-11-12,United Kingdom,116.24,514
10735,1039.3,9,269,2022-10-14,2023-12-13,United Kingdom,115.48,425
10736,5.43,1,3,2022-08-11,2022-08-11,Australia,5.43,0
10737,14.75,1,25,2022-04-04,2022-04-04,United Kingdom,14.75,0
10738,614.1700000000001,4,111,2022-11-18,2023-12-01,United Kingdom,153.54,378
10739,256.26,3,87,2022-11-26,2023-12-12,Netherlands,85.42,381
10740,421.43,6,158,2022-03-30,2023-11-23,France,70.24,603
10741,260.13,5,103,2022-09-15,2023-12-09,United Kingdom,52.03,450
10742,159.65,3,55,2022-12-06,2023-07-18,United Kingdom,53.22,224
10743,5.1,1,5,2023-04-16,2023-04-16,Netherlands,5.1,0
10744,919.3399999999999,8,212,2022-03-03,2023-10-20,Norway,114.92,596
10745,51.08,3,23,2022-04-23,2023-11-29,Australia,17.03,585
10746,243.63,5,133,2022-02-05,2023-04-29,United Kingdom,48.73,448
10747,359.89,5,179,2022-08-18,2023-12-19,Japan,71.98,488
10748,97.86,4,89,2022-02-23,2023-11-15,United Kingdom,24.46,630
10749,71.97999999999999,3,53,2023-06-01,2023-10-23,France,23.99,144
10750,379.85,4,84,2022-01-11,2023-01-25,United Kingdom,94.96,379
10751,182.34,3,79,2022-10-17,2023-12-10,Italy,60.78,419
10752,167.82999999999998,5,110,2022-01-31,2023-06-04,Australia,33.57,489
10753,736.2699999999999,3,99,2022-03-05,2023-11-17,Japan,245.42,622
10754,90.61,4,91,2022-10-12,2023-09-28,United Kingdom,22.65,351
10755,286.45,3,82,2022-05-04,2023-11-05,Belgium,95.48,550
10756,452.02,7,170,2022-05-31,2023-12-12,United Kingdom,64.57,560
10757,159.92,3,76,2022-05-21,2023-08-03,Australia,53.31,439
10758,277.19,6,118,2022-04-10,2023-12-24,United Kingdom,46.2,623
10759,891.49,14,290,2022-08-13,2023-12-28,United Kingdom,63.68,502
10760,973.62,8,231,2022-06-10,2023-11-30,United Kingdom,121.7,538
10761,514.04,3,117,2022-01-14,2023-10-15,United Kingdom,171.35,639
10762,1090.55,11,277,2022-01-08,2023-11-11,United Kingdom,99.14,672
10763,138.64999999999998,5,118,2022-09-15,2023-11-06,United Kingdom,27.73,417
10764,1067.13,6,209,2022-09-09,2023-12-23,United Kingdom,177.86,470
10765,1116.21,8,262,2022-02-08,2023-12-01,United Kingdom,139.53,661
10766,1084.95,8,254,2022-02-10,2023-12-01,Norway,135.62,659
10767,304.53999999999996,4,142,2022-02-27,2022-12-25,United Kingdom,76.13,301
10768,334.61,5,83,2022-02-05,2022-09-29,Japan,66.92,236
10769,282.86,4,146,2022-12-13,2023-11-04,United Kingdom,70.72,326
10770,323.29,4,98,2022-10-23,2023-11-20,Japan,80.82,393
10771,1481.79,8,286,2022-01-08,2023-11-30,United Kingdom,185.22,691
10772,665.49,11,275,2022-09-21,2023-12-16,United Kingdom,60.5,451
10773,389.75,6,97,2022-12-03,2023-12-17,Australia,64.96,379
10774,104.94,3,102,2022-09-28,2023-05-09,Finland,34.98,223
10775,154.4,8,139,2022-09-23,2023-10-14,Netherlands,19.3,386
10776,81.48,3,73,2022-05-17,2023-09-25,Finland,27.16,496
10777,205.88,3,80,2022-01-22,2023-03-27,United Kingdom,68.63,429
10778,812.01,5,188,2022-10-06,2023-11-12,United Kingdom,162.4,402
10779,281.31,6,182,2022-10-26,2023-12-28,United Kingdom,46.88,428
10780,544.13,4,118,2022-05-09,2022-10-16,Netherlands,136.03,160
10781,582.04,8,197,2022-12-02,2023-12-28,Australia,72.76,391
10782,287.41,6,167,2022-04-21,2023-10-15,United Kingdom,47.9,542
10783,709.26,7,152,2022-01-27,2023-11-17,United Kingdom,101.32,659
10784,47.459999999999994,3,30,2022-07-04,2023-11-07,United Kingdom,15.82,491
10785,614.0799999999999,10,285,2022-04-02,2023-10-31,United Kingdom,61.41,577
10786,711.02,8,297,2022-05-12,2023-12-19,Germany,88.88,586
10787,319.56,7,129,2022-10-21,2023-12-23,United Kingdom,45.65,428
10788,104.49000000000001,3,78,2022-06-23,2023-10-07,United Kingdom,34.83,471
10789,315.7,7,168,2022-01-21,2023-10-24,United Kingdom,45.1,641
10790,90.47,2,30,2023-06-09,2023-06-24,France,45.24,15
10791,216.62,5,114,2022-06-13,2023-11-14,Norway,43.32,519
10792,202.73000000000002,5,103,2022-06-24,2023-11-27,United Kingdom,40.55,521
10793,466.71,8,169,2022-07-29,2023-12-25,United Kingdom,58.34,514
10794,781.93,9,267,2022-09-27,2023-12-28,United Kingdom,86.88,457
10795,550.98,10,275,2022-11-02,2023-12-14,United Kingdom,55.1,407
10796,927.2099999999999,5,135,2022-07-24,2023-06-18,United Kingdom,185.44,329
10797,160.59,3,103,2022-11-18,2023-11-07,United Kingdom,53.53,354
10798,125.10000000000001,6,66,2022-10-25,2023-11-09,United Kingdom,20.85,380
10799,127.73,4,107,2022-11-04,2023-10-23,Portugal,31.93,353
10800,1102.83,10,284,2022-08-24,2023-11-27,United Kingdom,110.28,460
10801,443.75,4,107,2023-04-29,2023-12-17,Germany,110.94,232
10802,118.97,4,103,2022-05-08,2023-01-25,United Kingdom,29.74,262
10803,301.94,3,89,2022-07-22,2022-12-25,Switzerland,100.65,156
10804,293.15,5,142,2022-03-14,2023-12-23,United Kingdom,58.63,649
10805,406.79999999999995,7,196,2022-12-22,2023-12-19,United Kingdom,58.11,362
10806,131.57999999999998,3,66,2022-01-28,2023-12-26,United Kingdom,43.86,697
10807,465.02,8,245,2022-08-01,2023-12-16,United Kingdom,58.13,502
10808,112.33999999999999,4,80,2022-04-28,2023-10-28,United Kingdom,28.08,548
10809,213.13,7,205,2022-05-26,2023-10-20,Australia,30.45,512
10810,963.14,4,151,2022-05-23,2023-11-13,Australia,240.78,539
10811,235.48,9,137,2022-01-06,2023-08-09,United Kingdom,26.16,580
10812,244.54999999999998,3,70,2022-11-02,2023-10-04,Germany,81.52,336
10813,407.7,4,99,2022-05-17,2023-12-23,Australia,101.92,585
10814,663.2,8,174,2022-04-24,2023-12-30,United Kingdom,82.9,615
10815,313.86,7,156,2022-02-24,2023-12-12,United Kingdom,44.84,656
10816,356.3,7,190,2022-02-01,2023-11-02,France,50.9,639
10817,311.06,9,200,2022-01-24,2023-12-16,United Kingdom,34.56,691
10818,229.87,5,124,2022-08-25,2023-08-03,United Kingdom,45.97,343
10819,746.99,8,204,2022-01-21,2023-11-27,France,93.37,675
10820,341.48,8,132,2022-06-26,2023-12-04,United Kingdom,42.68,526
10821,220.78,8,128,2022-03-21,2023-12-23,United Kingdom,27.6,642
10822,491.44,11,190,2022-01-12,2023-10-09,United Kingdom,44.68,635
10823,251.03000000000003,7,160,2022-02-02,2023-11-10,United Kingdom,35.86,646
10824,428.59,5,121,2022-02-20,2023-12-20,United Kingdom,85.72,668
10825,480.69,7,177,2022-05-22,2023-12-15,Australia,68.67,572
10826,179.6,4,147,2022-01-26,2022-09-02,United Kingdom,44.9,219
10827,958.19,7,175,2022-04-09,2023-12-29,United Kingdom,136.88,629
10828,404.36,9,248,2022-04-07,2023-12-26,United Kingdom,44.93,628
10829,347.78,8,162,2022-01-20,2023-12-05,United Kingdom,43.47,684
10830,307.65,6,167,2022-01-17,2023-11-24,United Kingdom,51.28,676
10831,413.83000000000004,6,147,2022-04-16,2023-11-14,Japan,68.97,577
10832,439.16,5,157,2022-02-04,2023-12-27,United Kingdom,87.83,691
10833,290.84999999999997,6,85,2022-06-03,2023-10-18,United Kingdom,48.47,502
10834,619.37,6,180,2022-04-05,2023-11-16,United Kingdom,103.23,590
10835,328.76,9,210,2022-02-09,2023-10-29,Switzerland,36.53,627
10836,354.17999999999995,6,135,2022-05-27,2023-11-14,Belgium,59.03,536
10837,230.13,5,82,2022-11-26,2023-06-29,Netherlands,46.03,215
10838,44.72,2,61,2023-02-18,2023-09-23,Sweden,22.36,217
10839,607.0400000000001,7,197,2022-01-19,2023-08-29,United Kingdom,86.72,587
10840,706.7099999999999,5,154,2022-03-02,2023-12-17,Japan,141.34,655
10841,437.27,7,180,2022-10-01,2023-04-03,United Kingdom,62.47,184
10842,263.2,5,151,2022-03-11,2023-10-25,United Kingdom,52.64,593
10843,502.75,9,263,2022-07-08,2023-11-16,United Kingdom,55.86,496
10844,114.03999999999999,3,52,2022-08-26,2023-12-15,France,38.01,476
10845,268.57,4,133,2022-03-10,2023-02-26,Australia,67.14,353
10846,351.79,5,106,2022-10-31,2023-12-14,Germany,70.36,409
10847,242.49,6,147,2022-10-02,2023-12-08,Australia,40.42,432
10848,1201.98,10,259,2022-10-01,2023-11-05,United Kingdom,120.2,400
10849,446.54,5,107,2022-04-05,2023-12-06,Germany,89.31,610
10850,328.71,4,72,2022-11-20,2023-12-22,United Kingdom,82.18,397
10851,161.57,7,92,2022-06-09,2023-11-20,United Kingdom,23.08,529
10852,165.65999999999997,3,70,2023-02-02,2023-11-04,Finland,55.22,275
10853,207.32,5,121,2022-03-06,2023-12-15,Australia,41.46,649
10854,247.53,5,187,2022-05-15,2023-11-22,United Kingdom,49.51,556
10855,303.62,8,166,2022-01-05,2023-11-19,United Kingdom,37.95,683
10856,512.72,8,255,2022-02-12,2023-12-27,Canada,64.09,683
10857,309.90999999999997,8,141,2022-01-11,2023-12-24,United Kingdom,38.74,712
10858,983.77,12,249,2022-04-03,2023-12-25,Netherlands,81.98,631
10859,644.6999999999999,4,103,2022-12-20,2023-10-18,United Kingdom,161.17,302
10860,377.99,7,196,2022-09-28,2023-03-26,United Kingdom,54.0,179
10861,265.84000000000003,7,180,2022-10-08,2023-12-21,United Kingdom,37.98,439
10862,208.0,6,113,2022-10-26,2023-11-27,United Kingdom,34.67,397
10863,294.2,6,135,2022-02-15,2023-12-28,France,49.03,681
10864,266.51,8,167,2022-01-19,2023-11-01,United Kingdom,33.31,651
10865,139.41,3,48,2022-12-21,2023-10-16,United Kingdom,46.47,299
10866,682.45,9,272,2022-02-21,2023-10-10,United Kingdom,75.83,596
10867,363.65,6,162,2022-11-24,2023-12-25,United Kingdom,60.61,396
10868,165.94,5,120,2022-10-05,2023-12-13,Finland,33.19,434
10869,177.81,4,72,2022-12-11,2023-08-18,United Kingdom,44.45,250
10870,640.24,8,209,2022-11-19,2023-11-25,Sweden,80.03,371
10871,1082.86,10,280,2022-02-13,2023-11-15,United Kingdom,108.29,640
10872,357.45,6,122,2022-01-02,2023-07-05,United Kingdom,59.58,549
10873,852.44,5,132,2022-03-22,2023-10-02,United Kingdom,170.49,559
10874,544.1099999999999,7,190,2022-04-24,2023-11-14,United Kingdom,77.73,569
10875,289.96999999999997,6,132,2022-10-04,2023-11-17,Singapore,48.33,409
10876,442.27,9,272,2022-03-25,2023-12-31,United Kingdom,49.14,646
10877,635.41,9,199,2022-05-07,2023-12-02,United Kingdom,70.6,574
10878,236.95000000000002,5,148,2022-11-02,2023-12-27,Australia,47.39,420
10879,1122.23,5,144,2022-12-09,2023-07-08,United Kingdom,224.45,211
10880,355.47,7,204,2022-05-06,2023-12-14,United Kingdom,50.78,587
10881,98.53,6,85,2022-01-22,2023-11-20,United Kingdom,16.42,667
10882,37.56,2,36,2022-02-05,2023-10-02,Portugal,18.78,604
10883,221.36,6,72,2022-01-19,2023-09-06,USA,36.89,595
10884,243.59,5,85,2022-11-04,2023-12-10,United Kingdom,48.72,401
10885,300.38,5,102,2022-03-09,2023-10-22,United Kingdom,60.08,592
10886,237.57,4,97,2022-04-06,2023-03-12,Australia,59.39,340
10887,340.84000000000003,5,171,2022-01-02,2023-03-01,United Kingdom,68.17,423
10888,1095.33,8,252,2022-08-02,2023-07-24,United Kingdom,136.92,356
10889,466.49,8,236,2022-03-13,2023-11-05,Netherlands,58.31,602
10890,189.29,6,127,2022-02-07,2023-03-21,United Kingdom,31.55,407
10891,267.68,7,142,2022-03-21,2023-09-17,United Kingdom,38.24,545
10892,228.48000000000002,4,143,2022-09-26,2023-11-26,Belgium,57.12,426
10893,180.08,6,100,2022-03-18,2023-12-10,United Kingdom,30.01,632
10894,264.82,4,110,2022-02-16,2023-03-01,United Kingdom,66.2,378
10895,285.78999999999996,6,165,2022-01-20,2023-12-05,United Kingdom,47.63,684
10896,114.91,4,73,2022-01-25,2022-11-04,United Kingdom,28.73,283
10897,96.35,1,47,2022-11-06,2022-11-06,Germany,96.35,0
10898,94.08,1,42,2023-10-19,2023-10-19,Germany,94.08,0
10899,129.10000000000002,5,102,2022-07-03,2023-12-28,United Kingdom,25.82,543
10900,486.15,5,108,2022-07-14,2023-12-03,United Kingdom,97.23,507
10901,175.2,4,99,2022-01-16,2022-12-28,United Kingdom,43.8,346
10902,262.0,6,117,2022-01-09,2023-11-10,Germany,43.67,670
10903,324.15,7,176,2022-09-28,2023-11-02,United Kingdom,46.31,400
10904,126.75,5,64,2022-01-06,2023-11-09,United Kingdom,25.35,672
10905,501.73,9,247,2022-03-19,2023-12-16,United Kingdom,55.75,637
10906,309.88,7,112,2022-10-09,2023-06-24,United Kingdom,44.27,258
10907,937.93,4,157,2022-03-17,2023-11-26,Canada,234.48,619
10908,333.55,7,206,2022-01-02,2023-09-17,United Kingdom,47.65,623
10909,298.92,6,85,2022-10-16,2023-10-05,Australia,49.82,354
10910,234.76,7,127,2022-03-25,2023-04-08,United Kingdom,33.54,379
10911,547.23,7,151,2022-02-03,2023-11-02,United Kingdom,78.18,637
10912,143.61,3,107,2022-11-07,2023-10-29,United Kingdom,47.87,356
10913,145.79,4,104,2022-01-16,2023-05-18,United Kingdom,36.45,487
10914,786.9100000000001,8,189,2022-01-16,2023-10-24,United Kingdom,98.36,646
10915,575.78,5,102,2022-09-19,2023-12-20,France,115.16,457
10916,125.39999999999999,4,83,2022-01-22,2022-10-10,United Kingdom,31.35,261
10917,1052.58,8,256,2022-04-26,2023-10-28,France,131.57,550
10918,455.28,9,231,2022-02-15,2023-10-22,Denmark,50.59,614
10919,134.60999999999999,6,146,2022-05-26,2023-11-01,United Kingdom,22.44,524
10920,1035.08,6,169,2022-05-28,2023-11-19,United Kingdom,172.51,540
10921,78.11,2,45,2022-10-21,2023-12-12,France,39.06,417
10922,529.89,8,190,2022-02-06,2023-11-26,United Kingdom,66.24,658
10923,194.35,4,83,2022-10-25,2023-11-03,Netherlands,48.59,374
10924,500.0,8,212,2022-06-15,2023-12-19,United Kingdom,62.5,552
10925,46.26,2,55,2022-03-17,2022-07-20,Switzerland,23.13,125
10926,636.04,9,214,2022-01-21,2023-12-10,Italy,70.67,688
10927,177.24,5,134,2022-06-22,2023-08-12,Germany,35.45,416
10928,216.24,4,129,2022-06-29,2023-10-11,United Kingdom,54.06,469
10929,563.3,5,210,2022-05-04,2023-12-27,France,112.66,602
10930,525.97,12,196,2022-03-27,2023-12-22,United Kingdom,43.83,635
10931,256.49,3,100,2022-01-21,2023-08-14,France,85.5,570
10932,106.03999999999999,2,53,2022-10-06,2023-05-03,Belgium,53.02,209
10933,416.46,6,155,2022-09-02,2023-10-21,France,69.41,414
10934,283.84,3,72,2022-04-16,2023-12-21,United Kingdom,94.61,614
10935,38.620000000000005,2,29,2022-05-16,2023-12-23,Switzerland,19.31,586
10936,381.84000000000003,4,100,2022-01-01,2023-12-14,United Kingdom,95.46,712
10937,846.5600000000001,10,180,2022-01-11,2023-11-25,United Kingdom,84.66,683
10938,53.6,3,33,2022-03-02,2023-11-21,United Kingdom,17.87,629
10939,457.11,11,236,2022-06-05,2023-12-11,United Kingdom,41.56,554
10940,500.49,4,145,2022-01-05,2023-10-16,United Kingdom,125.12,649
10941,525.38,7,179,2022-05-27,2023-12-11,United Kingdom,75.05,563
10942,216.33,6,107,2022-09-02,2023-11-28,United Kingdom,36.06,452
10943,546.75,6,168,2022-07-16,2023-12-16,Switzerland,91.12,518
10944,428.68,7,220,2022-02-21,2023-12-20,United Kingdom,61.24,667
10945,560.52,6,125,2022-03-27,2023-04-21,United Kingdom,93.42,390
10946,431.95000000000005,4,135,2022-08-19,2023-07-13,Australia,107.99,328
10947,79.64,4,81,2022-11-14,2023-12-26,Australia,19.91,407
10948,266.94,5,116,2022-12-19,2023-11-18,United Kingdom,53.39,334
10949,330.48,8,195,2022-01-09,2023-12-14,United Kingdom,41.31,704
10950,165.56,4,75,2022-11-04,2023-08-20,Germany,41.39,289
10951,360.04,8,113,2022-01-29,2023-12-26,United Kingdom,45.0,696
10952,94.94999999999999,2,51,2022-11-18,2023-10-27,Germany,47.47,343
10953,486.38,4,123,2022-11-12,2023-11-03,Finland,121.6,356
10954,242.44,3,82,2022-10-06,2022-11-11,Germany,80.81,36
10955,389.58000000000004,7,163,2022-01-05,2023-10-01,United Kingdom,55.65,634
10956,83.37,5,66,2022-05-14,2022-12-25,Switzerland,16.67,225
10957,583.22,9,246,2022-01-31,2023-11-30,Germany,64.8,668
10958,30.83,3,26,2022-07-04,2022-10-15,Germany,10.28,103
10959,771.12,8,203,2022-02-15,2023-11-29,France,96.39,652
10960,362.97,2,51,2022-04-15,2023-11-12,Switzerland,181.48,576
10961,87.83,3,102,2022-03-20,2023-12-11,Germany,29.28,631
10962,596.23,6,169,2022-03-14,2023-05-25,Australia,99.37,437
10963,316.47,7,146,2022-01-31,2023-12-15,Australia,45.21,683
10964,676.95,7,187,2022-05-17,2023-12-08,United Kingdom,96.71,570
10965,151.2,5,85,2022-10-13,2023-11-24,United Kingdom,30.24,407
10966,272.24,5,108,2022-04-30,2023-11-28,Australia,54.45,577
10967,217.72,5,151,2022-09-25,2023-10-15,United Kingdom,43.54,385
10968,381.90999999999997,4,155,2022-01-14,2022-12-09,Netherlands,95.48,329
10969,142.57999999999998,4,110,2022-10-15,2023-11-10,Canada,35.64,391
10970,618.27,7,220,2022-02-19,2023-10-20,Norway,88.32,608
10971,460.2,7,210,2022-04-10,2023-11-27,Netherlands,65.74,596
10972,283.24,7,157,2022-02-23,2023-06-02,United Kingdom,40.46,464
10973,248.14,7,89,2022-03-07,2023-11-15,United Kingdom,35.45,618
10974,179.19,5,103,2022-11-21,2023-08-07,United Kingdom,35.84,259
10975,195.53,6,98,2022-05-03,2023-12-21,United Kingdom,32.59,597
10976,97.5,3,72,2022-11-28,2023-01-06,Japan,32.5,39
10977,185.97,5,116,2022-10-14,2023-12-27,United Kingdom,37.19,439
10978,513.28,4,126,2022-03-11,2023-12-14,Japan,128.32,643
10979,561.04,6,176,2022-02-23,2023-12-01,United Kingdom,93.51,646
10980,469.34000000000003,8,224,2022-01-02,2023-12-16,Norway,58.67,713
10981,42.41,3,44,2023-02-23,2023-08-12,France,14.14,170
10982,675.11,7,212,2022-04-06,2023-12-15,United Kingdom,96.44,618
10983,1812.5,10,212,2022-02-21,2023-12-16,United Kingdom,181.25,663
10984,223.38,4,62,2022-11-05,2023-12-19,Norway,55.84,409
10985,209.64,5,144,2022-06-13,2023-05-28,United Kingdom,41.93,349
10986,209.75,3,29,2022-11-27,2023-11-14,Australia,69.92,352
10987,565.75,8,185,2022-11-07,2023-12-19,Germany,70.72,407
10988,427.59,4,120,2022-07-11,2023-11-10,Germany,106.9,487
10989,370.64,9,230,2022-04-24,2023-10-06,United Kingdom,41.18,530
10990,268.48,5,115,2022-04-14,2023-11-27,France,53.7,592
10991,109.68,3,75,2023-01-11,2023-12-24,Germany,36.56,347
10992,1274.02,8,199,2022-02-20,2023-12-17,United Kingdom,159.25,665
10993,132.22,3,85,2022-12-22,2023-12-19,United Kingdom,44.07,362
10994,255.64,6,134,2022-06-04,2023-12-24,United Kingdom,42.61,568
10995,566.22,9,271,2022-07-25,2023-10-16,Singapore,62.91,448
10996,191.38,4,95,2022-06-27,2023-09-29,United Kingdom,47.84,459
10997,514.5300000000001,6,157,2022-11-12,2023-12-18,United Kingdom,85.76,401
10998,247.13,4,139,2022-01-04,2023-10-06,United Kingdom,61.78,640
10999,55.49,2,52,2022-05-09,2022-10-13,Netherlands,27.74,157
11000,155.37,3,118,2022-10-25,2023-09-17,United Kingdom,51.79,327
11001,138.32,6,85,2022-02-15,2023-07-14,Spain,23.05,514
11002,171.14,3,94,2022-10-20,2023-11-23,United Kingdom,57.05,399
11003,59.45,3,43,2022-10-30,2023-12-04,Canada,19.82,400
11004,407.57,6,152,2022-03-05,2023-10-05,United Kingdom,67.93,579
11005,178.78,5,108,2022-04-06,2023-08-04,United Kingdom,35.76,485
11006,107.41,2,74,2023-10-02,2023-12-05,Belgium,53.7,64
11007,152.59,4,67,2022-12-15,2023-11-04,France,38.15,324
11008,151.2,4,84,2022-06-02,2023-12-20,United Kingdom,37.8,566
11009,319.55,10,173,2022-01-09,2023-12-17,United Kingdom,31.96,707
11010,263.74,7,173,2022-03-11,2023-12-24,United Kingdom,37.68,653
11011,303.92,4,116,2022-09-18,2022-12-25,France,75.98,98
11012,199.36,6,146,2022-01-31,2023-09-23,United Kingdom,33.23,600
11013,273.71,9,216,2022-04-28,2023-02-05,United Kingdom,30.41,283
11014,211.04,5,122,2022-09-24,2023-11-08,United Kingdom,42.21,410
11015,185.01999999999998,5,104,2022-07-10,2023-12-10,United Kingdom,37.0,518
11016,1508.6399999999999,7,213,2022-07-20,2023-03-30,Spain,215.52,253
11017,509.33,5,153,2022-02-26,2023-06-12,United Kingdom,101.87,471
11018,180.35000000000002,3,131,2022-05-31,2022-12-19,Denmark,60.12,202
11019,379.31,8,219,2022-03-21,2023-07-13,United Kingdom,47.41,479
11020,200.59,5,142,2022-12-15,2023-11-21,United Kingdom,40.12,341
11021,455.84000000000003,7,166,2022-08-17,2023-11-27,United Kingdom,65.12,467
11022,226.66000000000003,4,76,2022-06-13,2023-10-18,France,56.67,492
11023,49.2,2,40,2022-03-21,2022-04-30,United Kingdom,24.6,40
11024,452.01,8,225,2022-06-15,2023-12-17,United Kingdom,56.5,550
11025,452.14,6,165,2022-05-18,2023-11-16,Norway,75.36,547
11026,371.99,5,139,2022-01-03,2023-11-11,United Kingdom,74.4,677
11027,192.32,4,74,2022-05-22,2022-11-07,Belgium,48.08,169
11028,246.32999999999998,7,127,2022-02-16,2023-11-04,United Kingdom,35.19,626
11029,670.52,5,152,2022-05-12,2023-11-03,Netherlands,134.1,540
11030,487.65999999999997,6,187,2022-02-11,2023-10-05,Singapore,81.28,601
11031,981.6299999999999,6,177,2022-07-16,2023-12-12,United Kingdom,163.6,514
11032,844.1800000000001,4,94,2022-03-03,2023-05-04,United Kingdom,211.04,427
11033,32.34,1,42,2023-06-06,2023-06-06,United Kingdom,32.34,0
11034,93.56,3,76,2022-06-27,2023-12-23,Denmark,31.19,544
11035,708.4,8,207,2022-06-23,2023-12-19,United Kingdom,88.55,544
11036,253.02,4,110,2022-03-24,2023-10-11,France,63.26,566
11037,85.6,2,52,2022-06-20,2022-11-11,Switzerland,42.8,144
11038,967.13,7,176,2022-01-29,2023-03-16,United Kingdom,138.16,411
11039,216.95,3,105,2023-07-01,2023-12-21,France,72.32,173
11040,337.87,5,166,2022-03-09,2023-10-25,Canada,67.57,595
11041,168.26000000000002,4,64,2022-01-27,2023-11-27,Canada,42.07,669
11042,610.1800000000001,11,232,2022-06-18,2023-12-26,United Kingdom,55.47,556
11043,275.68,6,119,2022-11-08,2023-12-13,France,45.95,400
11044,243.86999999999998,5,108,2022-12-31,2023-12-11,United Kingdom,48.77,345
11045,363.44000000000005,4,85,2022-10-05,2023-10-25,France,90.86,385
11046,237.45,6,185,2022-03-16,2023-10-10,United Kingdom,39.57,573
11047,146.56,2,65,2022-11-08,2023-09-25,United Kingdom,73.28,321
11048,321.76,8,159,2022-01-25,2023-10-02,France,40.22,615
11049,624.54,8,184,2022-05-11,2023-12-16,United Kingdom,78.07,584
11050,68.92,2,27,2022-10-09,2023-05-04,Germany,34.46,207
11051,271.45,5,127,2022-07-02,2023-10-03,Belgium,54.29,458
11052,360.81,7,159,2022-04-27,2023-11-10,United Kingdom,51.54,562
11053,257.75,3,92,2022-04-22,2023-04-10,United Kingdom,85.92,353
11054,807.97,6,160,2022-04-07,2023-12-22,United Kingdom,134.66,624
11055,89.96000000000001,3,70,2023-04-04,2023-10-18,Sweden,29.99,197
11056,52.480000000000004,2,50,2023-03-08,2023-11-12,Belgium,26.24,249
11057,464.30999999999995,7,184,2022-02-07,2023-10-31,Switzerland,66.33,631
11058,718.3000000000001,8,187,2022-03-18,2023-10-19,United Kingdom,89.79,580
11059,372.09999999999997,4,162,2022-03-24,2023-03-22,United Kingdom,93.02,363
11060,197.96,4,150,2022-05-26,2023-12-14,United Kingdom,49.49,567
11061,10.190000000000001,2,9,2022-10-09,2023-11-18,United Kingdom,5.1,405
11062,132.03,4,100,2023-02-18,2023-11-27,United Kingdom,33.01,282
11063,61.19,2,22,2023-01-20,2023-07-31,United Kingdom,30.6,192
11064,389.46,5,162,2022-06-01,2023-03-16,Switzerland,77.89,288
11065,252.66000000000003,3,74,2022-11-24,2023-11-02,Italy,84.22,343
11066,291.33,5,115,2022-11-06,2023-07-13,United Kingdom,58.27,249
11067,598.25,7,227,2022-05-11,2023-12-07,Netherlands,85.46,575
11068,36.12,1,21,2022-11-01,2022-11-01,France,36.12,0
11069,201.35,5,141,2022-05-15,2023-05-28,Spain,40.27,378
11070,1086.66,8,193,2022-05-04,2023-11-26,United Kingdom,135.83,571
11071,596.89,6,206,2022-01-22,2023-07-29,Sweden,99.48,553
11072,145.95999999999998,5,96,2022-10-09,2023-10-08,Denmark,29.19,364
11073,73.35,2,63,2022-11-24,2023-03-08,Netherlands,36.67,104
11074,806.5400000000001,8,246,2022-03-11,2023-12-28,United Kingdom,100.82,657
11075,320.39,4,148,2022-10-05,2023-09-23,United Kingdom,80.1,353
11076,349.93,6,154,2022-01-10,2023-01-30,United Kingdom,58.32,385
11077,429.33,4,79,2022-01-23,2023-12-16,United Kingdom,107.33,692
11078,410.91,5,106,2022-01-09,2023-12-16,United Kingdom,82.18,706
11079,141.17000000000002,3,64,2022-05-11,2022-10-19,Portugal,47.06,161
11080,1209.6599999999999,2,93,2022-10-23,2022-12-05,Australia,604.83,43
11081,421.65,5,101,2022-07-09,2023-10-11,Singapore,84.33,459
11082,98.03,3,59,2022-03-28,2023-10-27,United Kingdom,32.68,578
11083,734.6,9,273,2022-10-02,2023-12-14,United Kingdom,81.62,438
11084,396.42,5,176,2023-01-04,2023-12-14,United Kingdom,79.28,344
11085,19.52,3,28,2022-05-27,2022-11-04,Australia,6.51,161
11086,237.93,7,193,2022-01-07,2023-10-15,United Kingdom,33.99,646
11087,791.24,10,204,2022-04-18,2023-11-26,United Kingdom,79.12,587
11088,337.65999999999997,6,130,2022-07-13,2023-11-16,United Kingdom,56.28,491
11089,334.65,6,118,2022-05-10,2023-10-27,United Kingdom,55.78,535
11090,532.68,3,115,2023-03-24,2023-10-11,United Kingdom,177.56,201
11091,301.88,4,135,2022-03-12,2023-12-07,France,75.47,635
11092,411.16,9,231,2022-02-26,2023-10-02,United Kingdom,45.68,583
11093,538.96,10,245,2022-05-05,2023-11-24,United Kingdom,53.9,568
11094,348.6,7,206,2022-03-01,2023-12-21,United Kingdom,49.8,660
11095,241.03,5,128,2022-02-10,2022-09-12,Australia,48.21,214
11096,912.01,6,178,2022-01-31,2023-05-25,United Kingdom,152.0,479
11097,460.40000000000003,9,207,2022-01-05,2023-11-08,United Kingdom,51.16,672
11098,963.13,9,254,2022-03-04,2023-11-20,United Kingdom,107.01,626
11099,228.94,2,83,2022-12-02,2022-12-28,Finland,114.47,26
11100,242.94,6,173,2022-05-31,2023-11-19,United Kingdom,40.49,537
11101,370.89,4,141,2022-02-28,2023-09-23,Finland,92.72,572
11102,1522.8700000000001,8,310,2022-02-26,2023-12-15,Germany,190.36,657
11103,361.63,9,151,2022-11-21,2023-12-27,United Kingdom,40.18,401
11104,293.96999999999997,6,194,2022-10-17,2023-12-15,United Kingdom,49.0,424
11105,497.69,7,174,2022-09-12,2023-11-10,United Kingdom,71.1,424
11106,516.2,10,221,2022-02-08,2023-06-12,United Kingdom,51.62,489
11107,550.01,7,180,2022-05-01,2023-12-08,Switzerland,78.57,586
11108,775.36,6,148,2022-03-19,2023-01-19,United Kingdom,129.23,306
11109,427.22,9,233,2022-04-02,2023-10-26,Switzerland,47.47,572
11110,227.71,5,144,2022-02-19,2023-12-22,United Kingdom,45.54,671
11111,214.27,6,145,2022-11-11,2023-12-30,United Kingdom,35.71,414
11112,467.16,6,154,2022-06-15,2023-12-21,Norway,77.86,554
11113,791.21,5,202,2022-04-02,2023-07-18,Belgium,158.24,472
11114,478.58000000000004,8,236,2022-01-27,2023-12-22,United Kingdom,59.82,694
11115,95.05000000000001,4,95,2022-03-31,2023-03-11,United Kingdom,23.76,345
11116,1151.1,5,116,2022-11-22,2023-12-05,United Kingdom,230.22,378
11117,293.95,5,149,2022-06-17,2023-03-13,United Kingdom,58.79,269
11118,231.49,7,148,2022-01-21,2023-05-01,United Kingdom,33.07,465
11119,140.89000000000001,6,115,2022-04-28,2023-11-12,United Kingdom,23.48,563
11120,427.12,8,199,2022-04-26,2023-10-26,United Kingdom,53.39,548
11121,233.48999999999998,3,91,2023-01-29,2023-12-16,United Kingdom,77.83,321
11122,613.77,8,209,2022-07-06,2023-10-20,United Kingdom,76.72,471
11123,170.26,9,112,2022-01-22,2023-12-17,United Kingdom,18.92,694
11124,20.54,3,17,2022-08-27,2023-10-11,Germany,6.85,410
11125,358.99,6,103,2022-04-17,2023-12-08,Sweden,59.83,600
11126,650.38,12,323,2022-01-29,2023-12-21,United Kingdom,54.2,691
11127,1089.35,8,129,2022-01-05,2023-03-13,United Kingdom,136.17,432
11128,202.71,5,108,2022-11-04,2023-10-17,United Kingdom,40.54,347
11129,123.53,4,51,2022-07-10,2023-11-23,United Kingdom,30.88,501
11130,257.74,6,130,2022-06-10,2023-11-12,United Kingdom,42.96,520
11131,72.71000000000001,3,63,2022-05-26,2023-07-08,Germany,24.24,408
11132,1401.76,10,236,2022-09-06,2023-12-28,United Kingdom,140.18,478
11133,997.0699999999999,7,210,2022-02-01,2023-12-13,United Kingdom,142.44,680
11134,559.22,9,206,2022-10-03,2023-12-14,France,62.14,437
11135,135.89000000000001,4,108,2023-02-12,2023-10-21,Spain,33.97,251
11136,126.25999999999999,5,77,2022-01-29,2023-12-31,United Kingdom,25.25,701
11137,370.37,9,241,2022-03-24,2023-11-24,United Kingdom,41.15,610
11138,256.75,7,137,2022-09-14,2023-11-15,Switzerland,36.68,427
11139,186.02,3,109,2022-12-31,2023-12-01,United Kingdom,62.01,335
11140,1011.9,2,95,2022-10-06,2023-04-08,Portugal,505.95,184
11141,178.67000000000002,5,129,2022-04-11,2023-12-07,Germany,35.73,605
11142,564.55,5,171,2022-01-29,2023-12-14,Germany,112.91,684
11143,211.29,5,110,2022-05-28,2023-12-09,United Kingdom,42.26,560
11144,365.53000000000003,3,51,2022-07-04,2022-12-17,United Kingdom,121.84,166
11145,1366.15,9,217,2022-10-28,2023-12-18,France,151.79,416
11146,51.989999999999995,3,24,2023-01-14,2023-10-26,Germany,17.33,285
11147,888.62,7,254,2022-07-17,2023-12-14,France,126.95,515
11148,179.24,6,140,2022-07-03,2023-11-15,United Kingdom,29.87,500
11149,328.28,3,81,2022-11-07,2022-12-23,United Kingdom,109.43,46
11150,146.49,3,99,2022-01-02,2023-11-27,Canada,48.83,694
11151,236.2,7,191,2022-06-09,2023-11-07,United Kingdom,33.74,516
11152,207.04000000000002,4,93,2023-02-28,2023-11-08,Italy,51.76,253
11153,168.34,4,123,2022-10-26,2023-11-23,Germany,42.08,393
11154,62.12,3,41,2022-10-14,2023-11-04,United Kingdom,20.71,386
11155,65.1,3,36,2022-12-14,2023-10-25,Australia,21.7,315
11156,504.74,8,176,2022-02-09,2023-11-11,United Kingdom,63.09,640
11157,414.22,5,160,2022-08-14,2023-12-02,Portugal,82.84,475
11158,520.89,4,156,2022-02-27,2023-09-04,France,130.22,554
11159,76.41,2,57,2023-02-12,2023-10-23,France,38.2,253
11160,146.06,2,62,2022-09-20,2022-12-21,Spain,73.03,92
11161,417.67,10,217,2022-06-24,2023-10-12,United Kingdom,41.77,475
11162,202.56,6,92,2022-07-24,2023-10-21,United Kingdom,33.76,454
11163,217.77,4,111,2022-06-21,2023-11-02,United Kingdom,54.44,499
11164,505.22,5,120,2022-02-17,2023-03-24,Singapore,101.04,400
11165,92.32,3,62,2022-10-25,2023-10-26,France,30.77,366
11166,578.15,3,102,2022-05-12,2023-02-13,Germany,192.72,277
11167,425.75,7,194,2022-04-10,2023-11-22,Germany,60.82,591
11168,113.61,3,93,2022-10-08,2023-08-28,Belgium,37.87,324
11169,900.26,9,253,2022-04-22,2023-11-27,Germany,100.03,584
11170,66.27,4,29,2022-07-10,2023-02-03,United Kingdom,16.57,208
11171,195.68,4,122,2022-04-27,2023-10-26,Germany,48.92,547
11172,840.55,11,336,2022-01-05,2023-11-28,United Kingdom,76.41,692
11173,153.91,4,110,2022-05-02,2023-10-06,United Kingdom,38.48,522
11174,353.74,6,167,2022-03-20,2023-12-14,United Kingdom,58.96,634
11175,391.37,7,174,2022-04-15,2023-10-27,United Kingdom,55.91,560
11176,124.50999999999999,5,121,2022-06-09,2023-12-10,United Kingdom,24.9,549
11177,821.5,9,218,2022-01-21,2023-12-06,Netherlands,91.28,684
11178,376.32,8,269,2022-02-03,2023-12-14,Norway,47.04,679
11179,249.59,6,202,2022-04-09,2023-12-28,United Kingdom,41.6,628
11180,857.58,8,185,2022-01-11,2023-11-20,Germany,107.2,678
11181,274.02,4,60,2022-09-08,2023-12-11,Finland,68.5,459
11182,166.72,4,95,2022-01-23,2023-04-06,United Kingdom,41.68,438
11183,489.78000000000003,6,124,2022-12-07,2023-12-12,United Kingdom,81.63,370
11184,371.65,8,145,2022-08-11,2023-12-12,United Kingdom,46.46,488
11185,20.76,1,12,2023-12-14,2023-12-14,United Kingdom,20.76,0
11186,498.71000000000004,8,212,2022-01-30,2023-11-11,United Kingdom,62.34,650
11187,100.75999999999999,4,94,2022-03-29,2023-12-04,United Kingdom,25.19,615
11188,340.14,4,87,2022-12-19,2023-12-17,Denmark,85.04,363
11189,302.71,8,193,2022-04-09,2023-11-05,United Kingdom,37.84,575
11190,327.21000000000004,5,119,2022-04-20,2023-05-18,United Kingdom,65.44,393
11191,941.17,11,265,2022-03-22,2023-12-31,United Kingdom,85.56,649
11192,178.86,2,32,2023-01-28,2023-12-13,France,89.43,319
11193,255.26,6,191,2022-08-08,2023-11-26,United Kingdom,42.54,475
11194,485.38,8,164,2022-04-02,2023-12-14,United Kingdom,60.67,621
11195,238.71,6,119,2022-10-19,2023-10-19,United Kingdom,39.79,365
11196,268.49,4,76,2022-02-21,2023-08-16,United Kingdom,67.12,541
11197,534.46,8,172,2022-01-15,2023-12-19,Denmark,66.81,703
11198,1732.7500000000002,10,277,2022-02-17,2023-12-13,Netherlands,173.28,664
11199,451.3,4,102,2022-02-13,2023-09-08,Australia,112.82,572
11200,155.52,5,84,2022-06-04,2023-09-02,Belgium,31.1,455
11201,442.03999999999996,5,147,2022-05-25,2023-12-24,United Kingdom,88.41,578
11202,188.04000000000002,4,94,2022-05-25,2023-12-05,Spain,47.01,559
11203,243.59,5,102,2022-10-09,2023-12-14,United Kingdom,48.72,431
11204,286.13,7,134,2022-05-17,2023-12-10,United Kingdom,40.88,572
11205,1033.08,9,236,2022-07-31,2023-11-08,United Kingdom,114.79,465
11206,187.61,5,129,2022-07-11,2023-07-08,United Kingdom,37.52,362
11207,427.54999999999995,6,182,2022-10-28,2023-11-27,USA,71.26,395
11208,336.9,8,237,2022-04-18,2023-12-06,United Kingdom,42.11,597
11209,307.98,9,170,2022-03-26,2023-11-22,United Kingdom,34.22,606
11210,146.55,3,66,2022-12-01,2023-07-11,France,48.85,222
11211,262.21,7,172,2022-07-08,2023-11-28,United Kingdom,37.46,508
11212,438.11,9,212,2022-02-17,2023-12-14,United Kingdom,48.68,665
11213,492.41,7,193,2022-01-08,2023-12-06,United Kingdom,70.34,697
11214,159.91000000000003,3,96,2022-10-13,2023-10-03,Denmark,53.3,355
11215,842.2,8,209,2022-10-25,2023-12-16,United Kingdom,105.28,417
11216,103.66999999999999,4,59,2023-03-28,2023-11-13,United Kingdom,25.92,230
11217,730.17,5,161,2022-12-11,2023-10-19,United Kingdom,146.03,312
11218,181.31,5,90,2022-03-25,2023-09-01,United Kingdom,36.26,525
11219,409.24,8,220,2022-04-02,2023-11-20,Netherlands,51.16,597
11220,647.28,6,186,2022-04-14,2023-06-24,France,107.88,436
11221,318.67,7,135,2023-05-12,2023-12-13,United Kingdom,45.52,215
11222,167.57999999999998,4,91,2022-04-20,2023-12-05,United Kingdom,41.9,594
11223,227.87,7,147,2022-07-21,2023-10-07,Australia,32.55,443
11224,1046.6799999999998,7,162,2022-06-09,2023-12-16,United Kingdom,149.53,555
11225,298.3,6,148,2022-03-13,2023-12-19,United Kingdom,49.72,646
11226,257.6,4,145,2022-07-06,2023-12-08,Belgium,64.4,520
11227,582.11,8,195,2022-01-05,2023-12-17,United Kingdom,72.76,711
11228,639.73,7,176,2022-04-18,2023-11-04,United Kingdom,91.39,565
11229,545.42,9,269,2022-02-16,2023-12-08,United Kingdom,60.6,660
11230,383.52,9,242,2022-02-26,2023-12-30,France,42.61,672
11231,85.44,4,84,2022-07-04,2023-11-23,Germany,21.36,507
11232,151.38,3,54,2023-03-16,2023-11-12,United Kingdom,50.46,241
11233,278.46999999999997,7,137,2022-03-20,2023-12-14,United Kingdom,39.78,634
11234,339.19,4,58,2022-01-14,2023-12-12,United Kingdom,84.8,697
11235,611.27,9,290,2022-08-20,2023-12-15,United Kingdom,67.92,482
11236,236.98999999999998,4,124,2022-01-28,2023-05-30,United Kingdom,59.25,487
11237,873.38,6,187,2022-12-16,2023-12-21,United Kingdom,145.56,370
11238,915.78,15,389,2022-02-27,2023-12-20,United Kingdom,61.05,661
11239,1099.5700000000002,9,197,2022-04-15,2023-12-26,Germany,122.17,620
11241,210.41,5,83,2022-04-13,2023-12-26,Netherlands,42.08,622
11242,231.4,6,123,2022-03-14,2023-11-22,United Kingdom,38.57,618
11243,312.15,5,137,2022-07-16,2023-11-23,Denmark,62.43,495
11244,193.25,5,74,2022-11-06,2023-12-15,United Kingdom,38.65,404
11245,396.51,8,257,2022-03-22,2023-12-25,United Kingdom,49.56,643
11246,496.15,9,202,2022-06-12,2023-11-16,France,55.13,522
11247,184.51,4,118,2022-01-07,2023-08-25,Finland,46.13,595
11248,396.46,11,204,2022-01-15,2023-11-06,United Kingdom,36.04,660
11249,248.95999999999998,5,139,2022-01-23,2023-10-01,France,49.79,616
11250,183.35000000000002,5,107,2022-10-06,2023-11-09,France,36.67,399
11251,296.57,5,139,2022-05-19,2023-12-24,Germany,59.31,584
11252,406.43,5,105,2022-10-06,2023-12-24,Belgium,81.29,444
11253,32.769999999999996,2,16,2022-03-04,2022-11-03,Japan,16.38,244
11254,168.64,3,74,2022-06-20,2023-06-13,United Kingdom,56.21,358
11255,546.52,5,143,2022-07-29,2023-12-10,Germany,109.3,499
11256,479.81,5,158,2022-07-28,2023-10-08,United Kingdom,95.96,437
11257,296.72,6,150,2022-10-12,2023-12-14,Japan,49.45,428
11258,469.62,9,287,2022-06-17,2023-12-02,Germany,52.18,533
11259,588.99,9,257,2022-07-16,2023-11-20,Switzerland,65.44,492
11260,158.65,5,90,2022-05-03,2023-04-13,United Kingdom,31.73,345
11261,269.44,4,144,2022-05-31,2023-04-19,France,67.36,323
11262,240.0,2,55,2022-11-30,2023-06-28,Denmark,120.0,210
11263,412.43,7,134,2022-05-04,2023-10-15,Spain,58.92,529
11264,645.89,8,214,2022-08-15,2023-11-20,United Kingdom,80.74,462
11265,542.3000000000001,4,117,2022-08-08,2023-11-13,Denmark,135.58,462
11266,216.38,3,119,2022-01-26,2023-10-23,France,72.13,635
11267,619.31,7,202,2022-03-27,2023-09-08,Finland,88.47,530
11268,530.22,3,90,2022-05-04,2023-05-19,Australia,176.74,380
11269,230.66,6,106,2022-07-27,2023-10-18,United Kingdom,38.44,448
11270,225.62,6,128,2022-08-28,2023-11-22,United Kingdom,37.6,451
11271,287.0,3,110,2022-10-11,2023-02-23,United Kingdom,95.67,135
11272,491.77000000000004,5,107,2022-01-27,2023-11-12,United Kingdom,98.35,654
11273,805.0600000000001,9,232,2022-08-28,2023-09-01,United Kingdom,89.45,369
11274,457.03999999999996,7,191,2022-08-09,2023-12-19,United Kingdom,65.29,497
11275,293.99,4,115,2022-02-15,2023-12-27,United Kingdom,73.5,680
11276,285.49,5,118,2022-10-03,2023-11-19,United Kingdom,57.1,412
11277,546.26,5,140,2022-02-08,2023-11-01,Canada,109.25,631
11278,136.02,3,104,2022-12-08,2023-11-19,Denmark,45.34,346
11279,597.62,4,81,2022-10-20,2023-09-13,United Kingdom,149.4,328
11280,339.73,7,177,2022-03-17,2023-12-18,United Kingdom,48.53,641
11281,113.5,3,81,2022-01-29,2023-03-06,Netherlands,37.83,401
11282,473.8,4,129,2022-05-05,2023-11-09,United Kingdom,118.45,553
11283,103.14,3,92,2022-01-29,2023-11-04,Singapore,34.38,644
11284,171.26,6,84,2022-01-16,2023-08-02,Denmark,28.54,563
11285,270.28000000000003,4,120,2022-10-23,2022-12-25,United Kingdom,67.57,63
11286,321.92,5,113,2022-01-16,2023-11-26,United Kingdom,64.38,679
11287,237.93,5,133,2022-04-01,2023-06-25,United Kingdom,47.59,450
11288,235.43,6,148,2022-03-14,2023-11-23,United Kingdom,39.24,619
11289,45.92,1,41,2023-01-20,2023-01-20,United Kingdom,45.92,0
11290,190.15,6,114,2022-04-11,2023-11-17,United Kingdom,31.69,585
11291,598.98,3,98,2022-09-13,2023-04-05,Netherlands,199.66,204
11292,629.83,7,162,2022-01-22,2023-12-14,Italy,89.98,691
11293,155.22,4,79,2023-01-19,2023-11-11,Switzerland,38.8,296
11294,585.5500000000001,7,195,2022-05-04,2023-09-28,United Kingdom,83.65,512
11295,56.78,1,17,2023-03-15,2023-03-15,Spain,56.78,0
11296,458.63,4,104,2022-04-25,2023-09-15,United Kingdom,114.66,508
11297,397.12,7,168,2022-01-02,2023-10-05,France,56.73,641
11298,502.63,6,124,2022-06-20,2023-12-01,Belgium,83.77,529
11299,292.15,6,147,2022-09-23,2023-11-27,France,48.69,430
11300,1845.46,11,290,2022-03-19,2023-11-14,France,167.77,605
11301,156.13,3,98,2022-04-21,2023-12-03,Australia,52.04,591
11302,97.86,5,79,2022-02-07,2023-12-06,United Kingdom,19.57,667
11303,971.04,3,98,2022-10-12,2023-12-26,United Kingdom,323.68,440
11304,567.74,8,178,2022-06-23,2023-12-13,United Kingdom,70.97,538
11305,105.82,3,63,2022-10-14,2023-10-02,Belgium,35.27,353
11306,721.92,8,202,2022-06-17,2023-11-29,United Kingdom,90.24,530
11307,162.6,3,66,2022-04-16,2022-12-27,Germany,54.2,255
11308,625.17,8,151,2022-02-23,2023-09-09,United Kingdom,78.15,563
11309,951.7,5,106,2022-06-23,2023-12-30,Japan,190.34,555
11310,383.9,7,177,2022-03-25,2023-10-15,France,54.84,569
11311,256.32,6,117,2022-03-03,2023-10-19,United Kingdom,42.72,595
11312,441.53,6,170,2022-01-25,2023-09-05,United Kingdom,73.59,588
11313,473.73,5,146,2022-08-09,2023-10-16,France,94.75,433
11314,690.2600000000001,5,127,2022-03-05,2023-08-28,United Kingdom,138.05,541
11315,560.56,13,289,2022-03-28,2023-12-16,Germany,43.12,628
11316,433.09000000000003,11,318,2022-04-02,2023-11-10,United Kingdom,39.37,587
11317,427.68,5,178,2022-04-22,2023-06-17,Sweden,85.54,421
11318,506.71999999999997,7,197,2022-04-26,2023-03-14,United Kingdom,72.39,322
11319,241.75,3,102,2022-10-25,2023-10-05,United Kingdom,80.58,345
11320,206.59,2,72,2023-09-03,2023-11-19,Canada,103.3,77
11321,98.48,4,73,2022-02-03,2023-10-12,United Kingdom,24.62,616
11322,812.29,9,294,2022-04-15,2023-12-26,France,90.25,620
11323,284.22,6,160,2022-12-04,2023-11-23,United Kingdom,47.37,354
11324,177.28,3,85,2022-01-31,2023-03-13,Japan,59.09,406
11325,185.64,6,110,2022-01-05,2023-07-16,France,30.94,557
11326,395.94,4,109,2022-02-25,2023-10-22,United Kingdom,98.98,604
11327,591.79,10,194,2022-02-23,2023-10-24,Norway,59.18,608
11328,543.64,5,122,2022-03-03,2023-10-09,United Kingdom,108.73,585
11329,87.38,4,98,2022-12-16,2023-12-02,USA,21.84,351
11330,90.87,2,78,2023-05-02,2023-06-26,Germany,45.44,55
11331,42.4,2,31,2022-12-03,2023-10-23,Australia,21.2,324
11332,416.14,8,196,2022-05-20,2023-09-28,France,52.02,496
11333,177.81,5,88,2022-07-18,2023-11-09,Germany,35.56,479
11334,374.83,9,210,2022-02-06,2023-04-04,United Kingdom,41.65,422
11335,225.45999999999998,5,168,2022-07-26,2023-08-22,Germany,45.09,392
11336,390.79,6,122,2022-02-15,2023-09-10,United Kingdom,65.13,572
11337,218.24,3,109,2022-07-02,2023-10-24,Denmark,72.75,479
11338,299.56,4,88,2022-05-06,2023-05-25,United Kingdom,74.89,384
11339,402.1,4,106,2022-08-11,2023-11-30,Belgium,100.52,476
11340,138.81,4,75,2022-04-08,2022-12-30,France,34.7,266
11341,267.74,7,194,2022-11-06,2023-12-23,United Kingdom,38.25,412
11342,879.45,5,149,2022-03-18,2023-12-26,Norway,175.89,648
11343,825.05,6,172,2022-06-25,2023-11-01,Belgium,137.51,494
11344,88.22,5,83,2022-04-23,2023-10-02,France,17.64,527
11345,448.48,8,250,2022-08-12,2023-12-08,United Kingdom,56.06,483
11346,497.32,10,277,2022-03-11,2023-11-08,United Kingdom,49.73,607
11347,1184.81,9,288,2022-03-20,2023-11-19,United Kingdom,131.65,609
11348,215.81,7,124,2022-07-29,2023-05-19,United Kingdom,30.83,294
11349,500.48,6,181,2022-12-24,2023-12-09,Sweden,83.41,350
11350,88.0,3,57,2022-01-29,2023-10-01,United Kingdom,29.33,610
11351,347.22,6,192,2022-04-19,2023-11-21,Belgium,57.87,581
11352,143.25,3,67,2022-03-18,2023-10-28,Netherlands,47.75,589
11353,26.6,1,19,2023-10-13,2023-10-13,United Kingdom,26.6,0
11354,528.07,7,209,2022-10-17,2023-12-22,France,75.44,431
11355,267.07,6,141,2022-01-10,2023-12-04,United Kingdom,44.51,693
11356,689.0,6,131,2022-11-02,2023-12-05,United Kingdom,114.83,398
11357,543.1700000000001,7,171,2022-03-20,2023-10-15,United Kingdom,77.6,574
11358,371.83000000000004,7,209,2022-08-13,2023-12-16,United Kingdom,53.12,490
11359,166.95,2,63,2023-01-19,2023-04-10,Japan,83.48,81
11360,307.74,6,170,2022-08-02,2023-08-20,Italy,51.29,383
11361,807.9599999999999,10,246,2022-06-21,2023-12-24,United Kingdom,80.8,551
11362,314.79,3,87,2022-12-14,2023-11-06,Portugal,104.93,327
11363,297.01,6,174,2022-02-05,2023-11-11,United Kingdom,49.5,644
11364,88.19,3,94,2022-01-03,2023-10-05,Finland,29.4,640
11365,362.71999999999997,6,132,2022-03-29,2023-12-17,United Kingdom,60.45,628
11366,419.17,6,140,2022-01-16,2023-06-03,Japan,69.86,503
11367,230.13,8,169,2022-03-02,2023-04-23,Belgium,28.77,417
11368,337.68,6,221,2022-12-05,2023-11-09,United Kingdom,56.28,339
11369,88.6,4,52,2022-04-27,2023-11-12,Canada,22.15,564
11370,361.03000000000003,7,201,2022-02-10,2023-12-11,United Kingdom,51.58,669
11371,163.42000000000002,2,76,2023-05-02,2023-09-07,Norway,81.71,128
11372,298.04,4,86,2022-02-27,2023-11-21,Belgium,74.51,632
11373,413.67999999999995,3,108,2022-10-16,2023-11-25,France,137.89,405
11374,381.4,6,191,2022-10-05,2023-12-13,United Kingdom,63.57,434
11375,173.54,3,107,2022-10-09,2023-11-03,Belgium,57.85,390
11376,1099.88,6,195,2022-05-04,2023-09-12,Denmark,183.31,496
11377,124.09,3,47,2022-09-04,2023-10-14,Australia,41.36,405
11378,203.03,5,126,2022-07-12,2023-12-23,France,40.61,529
11379,229.32,6,173,2022-09-19,2023-10-05,United Kingdom,38.22,381
11380,28.95,1,15,2023-03-13,2023-03-13,Germany,28.95,0
11381,176.41,7,120,2022-03-27,2023-11-18,United Kingdom,25.2,601
11382,510.42999999999995,3,106,2022-04-04,2023-08-06,United Kingdom,170.14,489
11383,285.19,9,198,2022-05-30,2023-12-26,United Kingdom,31.69,575
11384,246.26999999999998,5,98,2022-01-04,2023-12-13,United Kingdom,49.25,708
11385,387.88,4,137,2022-04-07,2023-12-13,United Kingdom,96.97,615
11386,528.1899999999999,10,252,2022-01-21,2023-12-10,United Kingdom,52.82,688
11387,77.41,2,32,2022-01-09,2023-10-29,Sweden,38.7,658
11388,822.71,5,201,2022-12-10,2023-12-18,United Kingdom,164.54,373
11389,218.66,4,97,2022-06-13,2023-05-18,Belgium,54.66,339
11390,243.85,6,139,2022-03-22,2023-10-17,Germany,40.64,574
11391,735.86,14,257,2022-03-13,2023-12-31,United Kingdom,52.56,658
11392,163.66,5,116,2023-01-18,2023-12-07,Canada,32.73,323
11393,12.33,1,9,2022-10-22,2022-10-22,Italy,12.33,0
11394,203.03,3,69,2022-03-24,2022-07-09,France,67.68,107
11395,501.49,6,143,2022-09-20,2023-12-26,France,83.58,462
11396,272.29999999999995,4,78,2022-06-02,2022-12-24,Australia,68.07,205
11397,428.48,4,104,2022-10-29,2023-08-13,Belgium,107.12,288
11398,239.24,5,132,2022-03-29,2023-12-27,United Kingdom,47.85,638
11399,260.13,6,151,2022-09-19,2023-12-17,United Kingdom,43.36,454
11400,461.59000000000003,4,165,2022-04-30,2022-08-20,Finland,115.4,112
11401,481.36,9,231,2022-04-10,2023-10-25,United Kingdom,53.48,563
11402,154.85999999999999,5,57,2022-05-03,2023-12-03,United Kingdom,30.97,579
11403,1167.79,9,233,2022-01-07,2023-12-22,United Kingdom,129.75,714
11404,500.39,7,151,2022-02-20,2023-12-14,United Kingdom,71.48,662
11405,10.48,1,8,2022-05-04,2022-05-04,Australia,10.48,0
11406,585.09,6,226,2022-04-17,2023-12-10,Spain,97.52,602
11407,232.12,4,102,2022-10-25,2023-09-29,France,58.03,339
11408,202.76,3,99,2022-03-12,2023-11-25,Belgium,67.59,623
11409,361.09000000000003,9,203,2022-03-18,2023-12-20,Netherlands,40.12,642
11410,121.64,3,103,2022-09-19,2022-12-06,Finland,40.55,78
11411,349.5799999999999,5,121,2022-01-02,2023-12-12,United Kingdom,69.92,709
11412,411.93,8,208,2022-03-21,2023-12-16,United Kingdom,51.49,635
11413,1076.35,9,256,2022-03-02,2023-12-26,United Kingdom,119.59,664
11414,73.47,2,62,2022-04-30,2023-09-13,Australia,36.74,501
11415,526.29,10,258,2022-01-04,2023-12-24,United Kingdom,52.63,719
11416,163.94,4,104,2022-11-06,2023-12-14,United Kingdom,40.98,403
11417,482.90000000000003,5,92,2022-03-19,2023-10-06,United Kingdom,96.58,566
11418,407.24,5,129,2022-04-21,2023-08-24,Netherlands,81.45,490
11419,258.61,2,61,2023-08-15,2023-11-04,Australia,129.3,81
11420,1096.8200000000002,8,216,2022-02-03,2023-11-06,Germany,137.1,641
11421,530.13,6,145,2022-09-24,2023-12-30,United Kingdom,88.36,462
11422,341.94,5,140,2022-10-14,2023-12-02,United Kingdom,68.39,414
11423,626.67,7,242,2022-06-08,2023-10-09,Germany,89.52,488
11424,243.35000000000002,7,197,2022-06-12,2023-01-28,Spain,34.76,230
11425,28.97,2,13,2022-01-21,2022-12-07,Germany,14.48,320
11426,249.39999999999998,4,137,2022-09-19,2023-01-14,Germany,62.35,117
11427,214.41,6,125,2022-02-01,2023-06-08,United Kingdom,35.74,492
11428,861.48,11,275,2022-10-30,2023-12-25,United Kingdom,78.32,421
11429,1042.06,5,138,2022-02-10,2023-10-13,United Kingdom,208.41,610
11430,584.45,7,170,2022-02-17,2023-09-17,Netherlands,83.49,577
11431,743.91,10,315,2022-04-06,2023-12-27,Finland,74.39,630
11432,289.59000000000003,6,162,2022-03-30,2023-09-17,United Kingdom,48.27,536
11433,207.24,6,168,2022-05-03,2023-12-13,United Kingdom,34.54,589
11434,325.36,8,137,2022-03-19,2023-09-30,Germany,40.67,560
11435,225.59,3,115,2022-10-16,2023-01-01,United Kingdom,75.2,77
11436,141.14,5,93,2022-11-06,2023-11-19,United Kingdom,28.23,378
11437,1028.07,5,137,2022-06-28,2023-10-05,United Kingdom,205.61,464
11438,456.66,8,167,2022-07-29,2023-12-29,United Kingdom,57.08,518
11439,192.37,5,61,2022-03-23,2023-05-26,United Kingdom,38.47,429
11440,268.83,6,144,2022-09-07,2023-11-21,United Kingdom,44.8,440
11441,277.14,4,89,2022-09-25,2023-04-25,United Kingdom,69.28,212
11442,398.75,6,132,2022-10-22,2023-12-05,Switzerland,66.46,409
11443,129.45999999999998,2,56,2022-01-09,2022-08-16,Netherlands,64.73,219
11444,91.97,3,44,2022-10-05,2023-12-12,Sweden,30.66,433
11445,146.95000000000002,3,86,2022-09-09,2023-12-28,Belgium,48.98,475
11446,633.67,11,294,2022-06-16,2023-12-23,United Kingdom,57.61,555
11447,897.0799999999999,7,226,2022-09-10,2023-12-06,United Kingdom,128.15,452
11448,212.33,4,132,2022-10-18,2023-09-04,United Kingdom,53.08,321
11449,13.68,1,6,2023-12-04,2023-12-04,Switzerland,13.68,0
11450,465.78999999999996,7,189,2022-11-13,2023-11-16,United Kingdom,66.54,368
11451,280.8,4,133,2022-03-25,2023-10-13,United Kingdom,70.2,567
11452,537.24,5,161,2022-10-23,2023-12-17,United Kingdom,107.45,420
11453,267.8,4,94,2022-10-05,2023-02-02,USA,66.95,120
11454,726.45,6,123,2022-05-12,2023-11-12,United Kingdom,121.08,549
11455,432.0,6,137,2022-01-14,2023-09-04,United Kingdom,72.0,598
11456,184.49,4,106,2022-01-22,2023-12-13,United Kingdom,46.12,690
11457,234.76999999999998,3,104,2022-09-15,2023-05-21,Canada,78.26,248
11458,249.16,5,158,2022-09-06,2023-10-20,Belgium,49.83,409
11459,371.16,5,96,2022-06-03,2023-12-05,United Kingdom,74.23,550
11460,95.88,2,45,2023-11-02,2023-11-09,Italy,47.94,7
11461,609.22,6,208,2022-02-20,2023-02-01,United Kingdom,101.54,346
11462,80.87,3,51,2023-01-28,2023-11-05,United Kingdom,26.96,281
11463,116.68,4,72,2022-04-15,2023-08-03,United Kingdom,29.17,475
11464,496.96000000000004,8,263,2022-01-01,2023-12-12,United Kingdom,62.12,710
11465,294.52,4,116,2022-02-23,2023-08-02,Australia,73.63,525
11466,13.04,1,8,2022-04-22,2022-04-22,France,13.04,0
11467,956.8100000000001,7,211,2022-04-20,2023-08-06,United Kingdom,136.69,473
11468,697.95,8,161,2022-05-13,2023-11-29,United Kingdom,87.24,565
11469,377.84999999999997,5,138,2022-06-27,2023-03-25,Germany,75.57,271
11470,31.92,2,38,2022-10-08,2023-12-22,United Kingdom,15.96,440
11471,897.73,9,265,2022-06-06,2023-10-01,United Kingdom,99.75,482
11472,129.47,5,67,2022-10-10,2023-12-16,Germany,25.89,432
11473,114.31,2,64,2023-10-04,2023-10-11,Singapore,57.16,7
11474,477.88,7,167,2022-01-15,2023-10-14,United Kingdom,68.27,637
11475,178.20000000000002,5,94,2022-02-21,2023-12-22,France,35.64,669
11476,312.63,5,135,2022-01-27,2023-10-25,United Kingdom,62.53,636
11477,209.66,5,123,2022-09-28,2023-11-19,Germany,41.93,417
11478,158.09,3,51,2022-06-07,2023-11-18,Australia,52.7,529
11479,957.36,6,169,2022-09-10,2023-12-07,Germany,159.56,453
11480,199.71,6,73,2022-03-09,2023-11-20,United Kingdom,33.29,621
11481,476.35,8,268,2022-01-02,2023-02-19,United Kingdom,59.54,413
11482,742.02,4,85,2022-12-15,2023-12-01,France,185.5,351
11483,133.66,4,59,2022-12-18,2023-12-13,United Kingdom,33.42,360
11484,184.06,3,100,2023-06-19,2023-12-22,Germany,61.35,186
11485,191.55,4,121,2022-03-14,2023-11-25,France,47.89,621
11486,526.5699999999999,4,128,2023-07-07,2023-12-15,Japan,131.64,161
11487,486.62,6,174,2022-12-23,2023-12-17,United Kingdom,81.1,359
11488,121.57,3,83,2022-02-18,2022-10-06,Japan,40.52,230
11489,329.36,6,123,2022-05-14,2023-11-03,United Kingdom,54.89,538
11490,66.66,3,54,2022-06-28,2023-12-06,Norway,22.22,526
11491,36.9,1,45,2022-02-09,2022-02-09,United Kingdom,36.9,0
11492,763.95,10,259,2022-07-15,2023-10-31,Australia,76.4,473
11493,195.18,5,120,2022-09-21,2023-12-18,United Kingdom,39.04,453
11494,392.6,8,147,2022-11-04,2023-12-21,United Kingdom,49.08,412
11495,114.56,4,52,2022-03-01,2023-09-23,United Kingdom,28.64,571
11496,130.1,4,56,2022-06-22,2023-11-26,Spain,32.52,522
11497,535.88,10,226,2022-02-22,2023-11-05,United Kingdom,53.59,621
11498,403.94,8,172,2022-07-21,2023-12-19,United Kingdom,50.49,516
11499,165.96,2,51,2023-03-06,2023-04-20,Singapore,82.98,45
