CustomerID,Recency,Frequency,Monetary,R_Score,F_Score,M_Score,RFM_Score,RFM_Segment_Code,Segment
10000,10,2,34.84,4,1,1,6,411,Lost Customers
10001,52,8,1245.91,2,4,4,10,244,Potential Loyalists
10002,4,6,373.05,4,3,3,10,433,Champions
10003,105,4,84.59,1,1,1,3,111,Lost Customers
10004,21,9,617.49,3,4,4,11,344,Champions
10005,32,10,588.56,3,4,4,11,344,Champions
10006,52,4,612.94,2,1,4,7,214,Potential Loyalists
10007,9,11,993.58,4,4,4,12,444,Champions
10008,33,9,538.35,3,4,4,11,344,Champions
10009,8,10,868.57,4,4,4,12,444,Champions
10010,20,6,195.33,4,3,2,9,432,Loyal Customers
10011,306,5,154.58,1,2,1,4,121,At Risk
10012,98,9,1092.91,1,4,4,9,144,At Risk
10013,12,4,811.42,4,1,4,9,414,Potential Loyalists
10014,66,7,448.08,2,3,3,8,233,Potential Loyalists
10015,42,5,337.17,3,2,3,8,323,Loyal Customers
10016,53,8,452.37,2,4,3,9,243,Potential Loyalists
10017,35,9,1009.17,3,4,4,11,344,Champions
10018,26,8,427.5,3,4,3,10,343,Champions
10019,5,6,241.47,4,3,2,9,432,Loyal Customers
10020,33,7,979.02,3,3,4,10,334,Champions
10021,88,8,395.91,2,4,3,9,243,Potential Loyalists
10022,39,7,536.67,3,3,4,10,334,Champions
10023,61,5,736.23,2,2,4,8,224,Potential Loyalists
10024,55,5,467.46,2,2,3,7,223,Potential Loyalists
10025,121,7,899.97,1,3,4,8,134,At Risk
10026,39,8,212.18,3,4,2,9,342,Loyal Customers
10027,17,6,121.27,4,3,1,8,431,Loyal Customers
10028,61,7,320.49,2,3,2,7,232,Potential Loyalists
10029,10,6,271.16,4,3,2,9,432,Loyal Customers
10030,43,6,713.85,3,3,4,10,334,Champions
10031,312,3,188.24,1,1,1,3,111,Lost Customers
10032,4,5,571.72,4,2,4,10,424,Loyal Customers
10033,13,7,202.62,4,3,2,9,432,Loyal Customers
10034,78,8,548.06,2,4,4,10,244,Potential Loyalists
10035,10,8,517.63,4,4,3,11,443,Champions
10036,376,3,167.96,1,1,1,3,111,Lost Customers
10037,17,7,498.41,4,3,3,10,433,Champions
10038,202,4,208.3,1,1,2,4,112,Lost Customers
10039,24,5,498.2,3,2,3,8,323,Loyal Customers
10040,79,6,465.81,2,3,3,8,233,Potential Loyalists
10041,25,5,338.11,3,2,3,8,323,Loyal Customers
10042,10,7,354.3,4,3,3,10,433,Champions
10043,282,3,189.47,1,1,1,3,111,Lost Customers
10044,15,11,611.68,4,4,4,12,444,Champions
10045,382,1,380.8,1,1,3,5,113,Lost Customers
10046,11,7,280.37,4,3,2,9,432,Loyal Customers
10047,36,7,462.12,3,3,3,9,333,Champions
10048,60,5,317.22,2,2,2,6,222,Potential Loyalists
10049,8,7,282.01,4,3,2,9,432,Loyal Customers
10050,30,6,302.09,3,3,2,8,332,Loyal Customers
10051,6,7,264.24,4,3,2,9,432,Loyal Customers
10052,42,5,210.29,3,2,2,7,322,Loyal Customers
10053,409,4,476.21,1,1,3,5,113,Lost Customers
10054,4,5,445.08,4,2,3,9,423,Loyal Customers
10055,23,11,283.86,3,4,2,9,342,Loyal Customers
10056,45,5,74.84,3,2,1,6,321,Loyal Customers
10057,14,6,409.17,4,3,3,10,433,Champions
10058,22,3,122.94,3,1,1,5,311,Lost Customers
10059,46,5,262.74,3,2,2,7,322,Loyal Customers
10060,14,10,808.9,4,4,4,12,444,Champions
10061,354,5,158.62,1,2,1,4,121,At Risk
10062,81,5,166.27,2,2,1,5,221,At Risk
10063,335,5,212.13,1,2,2,5,122,At Risk
10064,20,8,407.32,3,4,3,10,343,Champions
10065,86,6,344.99,2,3,3,8,233,Potential Loyalists
10066,7,8,409.62,4,4,3,11,443,Champions
10067,30,6,311.72,3,3,2,8,332,Loyal Customers
10068,170,4,124.11,1,1,1,3,111,Lost Customers
10069,30,5,133.43,3,2,1,6,321,Loyal Customers
10070,15,5,332.13,4,2,3,9,423,Loyal Customers
10071,389,4,349.89,1,1,3,5,113,Lost Customers
10072,58,2,71.0,2,1,1,4,211,Lost Customers
10073,5,4,428.16,4,1,3,8,413,Potential Loyalists
10074,213,4,106.71,1,1,1,3,111,Lost Customers
10075,7,7,545.57,4,3,4,11,434,Champions
10076,58,10,522.4,2,4,3,9,243,Potential Loyalists
10077,86,4,155.58,2,1,1,4,211,Lost Customers
10078,7,3,134.52,4,1,1,6,411,Lost Customers
10079,81,2,24.9,2,1,1,4,211,Lost Customers
10080,4,6,383.99,4,3,3,10,433,Champions
10081,74,6,455.56,2,3,3,8,233,Potential Loyalists
10082,12,5,363.56,4,2,3,9,423,Loyal Customers
10083,15,6,255.14,4,3,2,9,432,Loyal Customers
10084,301,6,305.62,1,3,2,6,132,At Risk
10085,42,6,386.29,3,3,3,9,333,Champions
10086,426,4,73.51,1,1,1,3,111,Lost Customers
10087,35,10,1125.68,3,4,4,11,344,Champions
10088,47,5,541.22,3,2,4,9,324,Loyal Customers
10089,24,7,336.15,3,3,3,9,333,Champions
10090,173,3,124.79,1,1,1,3,111,Lost Customers
10091,23,6,378.71,3,3,3,9,333,Champions
10092,11,8,430.46,4,4,3,11,443,Champions
10093,7,6,767.81,4,3,4,11,434,Champions
10094,40,6,593.04,3,3,4,10,334,Champions
10095,24,9,1693.27,3,4,4,11,344,Champions
10096,60,7,1053.18,2,3,4,9,234,Potential Loyalists
10097,15,3,92.06,4,1,1,6,411,Lost Customers
10098,83,4,206.98,2,1,2,5,212,Potential Loyalists
10099,45,5,164.01,3,2,1,6,321,Loyal Customers
10100,136,5,580.18,1,2,4,7,124,At Risk
10101,43,8,941.28,3,4,4,11,344,Champions
10102,27,10,1175.42,3,4,4,11,344,Champions
10103,14,7,379.44,4,3,3,10,433,Champions
10104,182,5,168.4,1,2,1,4,121,At Risk
10105,2,5,210.23,4,2,2,8,422,Loyal Customers
10106,19,7,206.7,4,3,2,9,432,Loyal Customers
10107,54,8,330.63,2,4,3,9,243,Potential Loyalists
10108,9,2,375.41,4,1,3,8,413,Potential Loyalists
10109,77,4,210.57,2,1,2,5,212,Potential Loyalists
10110,372,2,131.95,1,1,1,3,111,Lost Customers
10111,387,2,107.7,1,1,1,3,111,Lost Customers
10112,55,4,192.98,2,1,1,4,211,Lost Customers
10113,165,4,304.61,1,1,2,4,112,Lost Customers
10114,75,5,142.32,2,2,1,5,221,At Risk
10115,23,8,273.07,3,4,2,9,342,Loyal Customers
10116,54,7,508.09,2,3,3,8,233,Potential Loyalists
10117,53,8,665.32,2,4,4,10,244,Potential Loyalists
10118,89,2,51.36,2,1,1,4,211,Lost Customers
10119,7,11,521.1,4,4,3,11,443,Champions
10120,60,6,335.91,2,3,3,8,233,Potential Loyalists
10121,204,6,304.69,1,3,2,6,132,At Risk
10122,71,7,1140.12,2,3,4,9,234,Potential Loyalists
10123,83,1,311.78,2,1,2,5,212,Potential Loyalists
10124,74,6,192.33,2,3,1,6,231,At Risk
10125,7,9,1234.57,4,4,4,12,444,Champions
10126,485,1,8.91,1,1,1,3,111,Lost Customers
10127,110,4,346.0,1,1,3,5,113,Lost Customers
10128,29,4,229.14,3,1,2,6,312,Potential Loyalists
10129,358,3,118.68,1,1,1,3,111,Lost Customers
10130,14,9,383.35,4,4,3,11,443,Champions
10131,36,8,467.91,3,4,3,10,343,Champions
10132,134,5,400.85,1,2,3,6,123,At Risk
10133,31,7,659.45,3,3,4,10,334,Champions
10134,192,5,1240.71,1,2,4,7,124,At Risk
10135,13,8,331.4,4,4,3,11,443,Champions
10136,47,8,766.2,3,4,4,11,344,Champions
10137,348,5,469.86,1,2,3,6,123,At Risk
10138,68,4,299.86,2,1,2,5,212,Potential Loyalists
10139,10,4,152.35,4,1,1,6,411,Lost Customers
10140,162,8,976.23,1,4,4,9,144,At Risk
10141,376,4,101.82,1,1,1,3,111,Lost Customers
10142,121,6,193.05,1,3,1,5,131,At Risk
10143,497,2,54.69,1,1,1,3,111,Lost Customers
10144,391,3,83.14,1,1,1,3,111,Lost Customers
10145,240,5,233.15,1,2,2,5,122,At Risk
10146,73,9,1117.59,2,4,4,10,244,Potential Loyalists
10147,84,3,252.86,2,1,2,5,212,Potential Loyalists
10148,238,6,949.06,1,3,4,8,134,At Risk
10149,252,5,188.6,1,2,1,4,121,At Risk
10150,75,4,322.73,2,1,2,5,212,Potential Loyalists
10151,11,4,401.93,4,1,3,8,413,Potential Loyalists
10152,7,5,152.01,4,2,1,7,421,Loyal Customers
10153,18,6,385.62,4,3,3,10,433,Champions
10154,35,8,209.04,3,4,2,9,342,Loyal Customers
10155,54,5,195.15,2,2,2,6,222,Potential Loyalists
10156,166,6,393.42,1,3,3,7,133,At Risk
10157,27,6,431.76,3,3,3,9,333,Champions
10158,71,4,282.4,2,1,2,5,212,Potential Loyalists
10159,29,5,455.44,3,2,3,8,323,Loyal Customers
10160,68,5,811.33,2,2,4,8,224,Potential Loyalists
10161,7,6,208.99,4,3,2,9,432,Loyal Customers
10162,68,2,66.35,2,1,1,4,211,Lost Customers
10163,5,7,641.38,4,3,4,11,434,Champions
10164,17,9,494.26,4,4,3,11,443,Champions
10165,5,4,149.01,4,1,1,6,411,Lost Customers
10166,45,4,219.08,3,1,2,6,312,Potential Loyalists
10167,3,4,204.85,4,1,2,7,412,Potential Loyalists
10168,4,9,690.32,4,4,4,12,444,Champions
10169,17,6,168.16,4,3,1,8,431,Loyal Customers
10170,117,5,178.3,1,2,1,4,121,At Risk
10171,21,7,602.82,3,3,4,10,334,Champions
10172,75,1,29.82,2,1,1,4,211,Lost Customers
10173,92,3,172.72,2,1,1,4,211,Lost Customers
10174,126,8,411.76,1,4,3,8,143,At Risk
10175,64,4,426.83,2,1,3,6,213,Potential Loyalists
10176,10,6,292.11,4,3,2,9,432,Loyal Customers
10177,38,5,467.02,3,2,3,8,323,Loyal Customers
10178,49,4,309.38,2,1,2,5,212,Potential Loyalists
10179,38,4,208.43,3,1,2,6,312,Potential Loyalists
10180,113,4,471.12,1,1,3,5,113,Lost Customers
10181,43,9,389.04,3,4,3,10,343,Champions
10182,15,1,22.12,4,1,1,6,411,Lost Customers
10183,78,7,1147.08,2,3,4,9,234,Potential Loyalists
10184,4,7,445.19,4,3,3,10,433,Champions
10185,7,9,605.02,4,4,4,12,444,Champions
10186,128,5,300.36,1,2,2,5,122,At Risk
10187,377,3,133.38,1,1,1,3,111,Lost Customers
10188,18,6,534.0,4,3,4,11,434,Champions
10189,18,5,508.93,4,2,3,9,423,Loyal Customers
10190,132,6,355.04,1,3,3,7,133,At Risk
10191,32,8,1004.12,3,4,4,11,344,Champions
10192,1,15,1259.45,4,4,4,12,444,Champions
10193,11,7,207.73,4,3,2,9,432,Loyal Customers
10194,9,4,179.45,4,1,1,6,411,Lost Customers
10195,51,11,1173.55,2,4,4,10,244,Potential Loyalists
10196,48,5,550.84,3,2,4,9,324,Loyal Customers
10197,26,5,236.16,3,2,2,7,322,Loyal Customers
10198,127,3,162.62,1,1,1,3,111,Lost Customers
10199,294,2,201.83,1,1,2,4,112,Lost Customers
10200,26,4,460.86,3,1,3,7,313,Potential Loyalists
10201,50,7,393.97,2,3,3,8,233,Potential Loyalists
10202,243,3,128.66,1,1,1,3,111,Lost Customers
10203,49,5,526.81,2,2,4,8,224,Potential Loyalists
10204,34,9,802.62,3,4,4,11,344,Champions
10205,3,11,632.82,4,4,4,12,444,Champions
10206,50,5,299.68,2,2,2,6,222,Potential Loyalists
10207,59,9,494.31,2,4,3,9,243,Potential Loyalists
10208,62,6,366.94,2,3,3,8,233,Potential Loyalists
10209,11,6,663.81,4,3,4,11,434,Champions
10210,270,5,616.49,1,2,4,7,124,At Risk
10211,7,7,409.13,4,3,3,10,433,Champions
10212,22,4,210.65,3,1,2,6,312,Potential Loyalists
10213,96,6,340.92,1,3,3,7,133,At Risk
10214,48,4,907.55,3,1,4,8,314,Potential Loyalists
10215,69,2,98.72,2,1,1,4,211,Lost Customers
10216,38,5,262.56,3,2,2,7,322,Loyal Customers
10217,14,9,466.86,4,4,3,11,443,Champions
10218,11,6,750.38,4,3,4,11,434,Champions
10219,52,6,241.86,2,3,2,7,232,Potential Loyalists
10220,49,5,194.39,2,2,2,6,222,Potential Loyalists
10221,87,2,27.93,2,1,1,4,211,Lost Customers
10222,64,3,131.14,2,1,1,4,211,Lost Customers
10223,139,1,12.32,1,1,1,3,111,Lost Customers
10224,34,6,1122.77,3,3,4,10,334,Champions
10225,287,7,374.02,1,3,3,7,133,At Risk
10226,31,5,285.79,3,2,2,7,322,Loyal Customers
10227,5,9,451.53,4,4,3,11,443,Champions
10228,166,4,48.69,1,1,1,3,111,Lost Customers
10229,20,6,416.33,3,3,3,9,333,Champions
10230,20,5,126.37,3,2,1,6,321,Loyal Customers
10231,31,5,471.84,3,2,3,8,323,Loyal Customers
10232,140,5,259.08,1,2,2,5,122,At Risk
10233,49,11,573.84,2,4,4,10,244,Potential Loyalists
10234,9,5,335.37,4,2,3,9,423,Loyal Customers
10235,610,1,40.48,1,1,1,3,111,Lost Customers
10236,419,5,259.64,1,2,2,5,122,At Risk
10237,25,5,123.32,3,2,1,6,321,Loyal Customers
10238,10,4,175.18,4,1,1,6,411,Lost Customers
10239,47,5,403.81,3,2,3,8,323,Loyal Customers
10240,17,4,122.74,4,1,1,6,411,Lost Customers
10241,84,5,378.18,2,2,3,7,223,Potential Loyalists
10242,10,8,411.38,4,4,3,11,443,Champions
10243,22,10,429.67,3,4,3,10,343,Champions
10244,12,5,355.78,4,2,3,9,423,Loyal Customers
10245,29,4,369.13,3,1,3,7,313,Potential Loyalists
10246,38,6,873.0,3,3,4,10,334,Champions
10247,13,5,220.83,4,2,2,8,422,Loyal Customers
10248,40,7,271.57,3,3,2,8,332,Loyal Customers
10249,37,3,126.58,3,1,1,5,311,Lost Customers
10250,80,6,601.73,2,3,4,9,234,Potential Loyalists
10251,370,3,226.42,1,1,2,4,112,Lost Customers
10252,10,7,421.26,4,3,3,10,433,Champions
10253,131,2,226.78,1,1,2,4,112,Lost Customers
10254,389,5,893.11,1,2,4,7,124,At Risk
10255,16,5,383.7,4,2,3,9,423,Loyal Customers
10256,47,9,543.07,3,4,4,11,344,Champions
10257,76,3,140.67,2,1,1,4,211,Lost Customers
10258,56,10,284.82,2,4,2,8,242,Potential Loyalists
10259,4,8,622.16,4,4,4,12,444,Champions
10260,29,6,160.55,3,3,1,7,331,Loyal Customers
10261,7,5,227.47,4,2,2,8,422,Loyal Customers
10262,61,5,270.24,2,2,2,6,222,Potential Loyalists
10263,38,7,248.27,3,3,2,8,332,Loyal Customers
10264,73,5,157.05,2,2,1,5,221,At Risk
10265,278,4,268.92,1,1,2,4,112,Lost Customers
10266,37,3,80.14,3,1,1,5,311,Lost Customers
10267,389,2,36.45,1,1,1,3,111,Lost Customers
10268,80,5,156.42,2,2,1,5,221,At Risk
10269,37,7,245.32,3,3,2,8,332,Loyal Customers
10270,121,8,310.0,1,4,2,7,142,At Risk
10271,188,7,607.41,1,3,4,8,134,At Risk
10272,68,5,301.14,2,2,2,6,222,Potential Loyalists
10273,21,7,285.65,3,3,2,8,332,Loyal Customers
10274,22,10,398.27,3,4,3,10,343,Champions
10275,28,9,557.04,3,4,4,11,344,Champions
10276,132,6,519.43,1,3,3,7,133,At Risk
10277,9,12,753.06,4,4,4,12,444,Champions
10278,45,5,510.52,3,2,3,8,323,Loyal Customers
10279,31,9,684.61,3,4,4,11,344,Champions
10280,46,8,995.1,3,4,4,11,344,Champions
10281,36,4,195.6,3,1,2,6,312,Potential Loyalists
10282,21,8,442.19,3,4,3,10,343,Champions
10283,86,4,515.7,2,1,3,6,213,Potential Loyalists
10284,57,6,327.86,2,3,3,8,233,Potential Loyalists
10285,14,9,988.69,4,4,4,12,444,Champions
10286,12,11,764.84,4,4,4,12,444,Champions
10287,16,5,387.78,4,2,3,9,423,Loyal Customers
10288,48,6,339.48,2,3,3,8,233,Potential Loyalists
10289,21,9,759.73,3,4,4,11,344,Champions
10290,21,9,1192.65,3,4,4,11,344,Champions
10291,122,3,19.54,1,1,1,3,111,Lost Customers
10292,11,9,719.13,4,4,4,12,444,Champions
10293,18,6,647.92,4,3,4,11,434,Champions
10294,334,6,209.27,1,3,2,6,132,At Risk
10295,31,8,860.89,3,4,4,11,344,Champions
10296,87,4,263.75,2,1,2,5,212,Potential Loyalists
10297,53,5,304.41,2,2,2,6,222,Potential Loyalists
10298,64,5,238.55,2,2,2,6,222,Potential Loyalists
10299,16,2,42.05,4,1,1,6,411,Lost Customers
10300,12,8,1329.03,4,4,4,12,444,Champions
10301,10,9,618.72,4,4,4,12,444,Champions
10302,5,2,67.6,4,1,1,6,411,Lost Customers
10303,46,4,151.59,3,1,1,5,311,Lost Customers
10304,9,4,526.73,4,1,4,9,414,Potential Loyalists
10305,1,7,420.64,4,3,3,10,433,Champions
10306,57,4,89.14,2,1,1,4,211,Lost Customers
10307,281,3,197.2,1,1,2,4,112,Lost Customers
10308,36,4,276.33,3,1,2,6,312,Potential Loyalists
10309,42,7,545.52,3,3,4,10,334,Champions
10310,20,10,886.52,3,4,4,11,344,Champions
10311,21,8,495.61,3,4,3,10,343,Champions
10312,56,4,203.96,2,1,2,5,212,Potential Loyalists
10313,41,4,347.52,3,1,3,7,313,Potential Loyalists
10314,60,5,360.28,2,2,3,7,223,Potential Loyalists
10315,24,10,544.96,3,4,4,11,344,Champions
10316,30,5,226.91,3,2,2,7,322,Loyal Customers
10317,441,3,298.6,1,1,2,4,112,Lost Customers
10318,11,7,729.77,4,3,4,11,434,Champions
10319,382,5,211.96,1,2,2,5,122,At Risk
10320,257,4,217.61,1,1,2,4,112,Lost Customers
10321,26,9,908.41,3,4,4,11,344,Champions
10322,42,5,180.02,3,2,1,6,321,Loyal Customers
10323,59,6,349.14,2,3,3,8,233,Potential Loyalists
10324,9,3,34.48,4,1,1,6,411,Lost Customers
10325,107,5,257.4,1,2,2,5,122,At Risk
10326,52,6,358.26,2,3,3,8,233,Potential Loyalists
10327,16,12,669.21,4,4,4,12,444,Champions
10328,19,3,291.96,4,1,2,7,412,Potential Loyalists
10329,75,3,185.95,2,1,1,4,211,Lost Customers
10330,89,9,726.01,2,4,4,10,244,Potential Loyalists
10331,64,4,147.52,2,1,1,4,211,Lost Customers
10332,4,5,729.54,4,2,4,10,424,Loyal Customers
10333,365,2,68.25,1,1,1,3,111,Lost Customers
10334,16,12,241.82,4,4,2,10,442,Loyal Customers
10335,23,7,301.35,3,3,2,8,332,Loyal Customers
10336,66,4,96.56,2,1,1,4,211,Lost Customers
10337,361,3,154.04,1,1,1,3,111,Lost Customers
10338,34,3,377.09,3,1,3,7,313,Potential Loyalists
10339,6,7,507.11,4,3,3,10,433,Champions
10340,7,9,663.73,4,4,4,12,444,Champions
10341,13,8,724.81,4,4,4,12,444,Champions
10342,87,4,112.64,2,1,1,4,211,Lost Customers
10343,158,5,199.2,1,2,2,5,122,At Risk
10344,65,9,1090.96,2,4,4,10,244,Potential Loyalists
10345,57,4,137.18,2,1,1,4,211,Lost Customers
10346,17,5,378.45,4,2,3,9,423,Loyal Customers
10347,10,7,216.84,4,3,2,9,432,Loyal Customers
10348,11,8,768.99,4,4,4,12,444,Champions
10349,41,8,503.31,3,4,3,10,343,Champions
10350,382,4,181.04,1,1,1,3,111,Lost Customers
10351,305,5,497.48,1,2,3,6,123,At Risk
10352,40,6,204.74,3,3,2,8,332,Loyal Customers
10353,42,5,388.27,3,2,3,8,323,Loyal Customers
10354,14,8,459.13,4,4,3,11,443,Champions
10355,26,8,753.41,3,4,4,11,344,Champions
10356,3,9,516.9,4,4,3,11,443,Champions
10357,335,2,78.2,1,1,1,3,111,Lost Customers
10358,41,8,546.57,3,4,4,11,344,Champions
10359,55,7,295.65,2,3,2,7,232,Potential Loyalists
10360,310,5,206.66,1,2,2,5,122,At Risk
10361,42,4,127.55,3,1,1,5,311,Lost Customers
10362,17,6,2021.58,4,3,4,11,434,Champions
10363,23,8,285.52,3,4,2,9,342,Loyal Customers
10364,88,3,89.05,2,1,1,4,211,Lost Customers
10365,16,3,77.06,4,1,1,6,411,Lost Customers
10366,10,8,550.66,4,4,4,12,444,Champions
10367,31,6,706.02,3,3,4,10,334,Champions
10368,364,5,223.84,1,2,2,5,122,At Risk
10369,11,11,911.91,4,4,4,12,444,Champions
10370,7,6,195.83,4,3,2,9,432,Loyal Customers
10371,2,5,214.31,4,2,2,8,422,Loyal Customers
10372,6,6,413.93,4,3,3,10,433,Champions
10373,20,7,372.09,3,3,3,9,333,Champions
10374,6,8,736.18,4,4,4,12,444,Champions
10375,289,7,273.08,1,3,2,6,132,At Risk
10376,84,9,1053.83,2,4,4,10,244,Potential Loyalists
10377,15,7,515.65,4,3,3,10,433,Champions
10378,13,9,1005.58,4,4,4,12,444,Champions
10379,230,3,102.68,1,1,1,3,111,Lost Customers
10380,41,5,476.75,3,2,3,8,323,Loyal Customers
10381,91,9,332.11,2,4,3,9,243,Potential Loyalists
10382,55,5,345.24,2,2,3,7,223,Potential Loyalists
10383,38,5,327.77,3,2,3,8,323,Loyal Customers
10384,34,5,351.91,3,2,3,8,323,Loyal Customers
10385,20,4,277.91,3,1,2,6,312,Potential Loyalists
10386,77,7,306.25,2,3,2,7,232,Potential Loyalists
10387,57,3,279.58,2,1,2,5,212,Potential Loyalists
10388,8,8,455.13,4,4,3,11,443,Champions
10389,26,1,17.85,3,1,1,5,311,Lost Customers
10390,28,2,163.36,3,1,1,5,311,Lost Customers
10391,73,5,853.29,2,2,4,8,224,Potential Loyalists
10392,73,3,156.22,2,1,1,4,211,Lost Customers
10393,303,4,406.68,1,1,3,5,113,Lost Customers
10394,11,11,655.03,4,4,4,12,444,Champions
10395,41,5,238.38,3,2,2,7,322,Loyal Customers
10396,158,5,781.91,1,2,4,7,124,At Risk
10397,53,7,356.31,2,3,3,8,233,Potential Loyalists
10398,49,6,354.18,2,3,3,8,233,Potential Loyalists
10399,31,4,174.59,3,1,1,5,311,Lost Customers
10400,552,2,532.26,1,1,4,6,114,Lost Customers
10401,52,7,567.36,2,3,4,9,234,Potential Loyalists
10402,26,10,831.55,3,4,4,11,344,Champions
10403,84,3,245.84,2,1,2,5,212,Potential Loyalists
10404,31,4,315.47,3,1,2,6,312,Potential Loyalists
10405,50,6,458.63,2,3,3,8,233,Potential Loyalists
10406,95,6,153.63,2,3,1,6,231,At Risk
10407,51,2,79.57,2,1,1,4,211,Lost Customers
10408,50,3,431.78,2,1,3,6,213,Potential Loyalists
10409,72,6,558.0,2,3,4,9,234,Potential Loyalists
10410,296,4,84.39,1,1,1,3,111,Lost Customers
10411,30,5,185.58,3,2,1,6,321,Loyal Customers
10412,19,9,616.28,4,4,4,12,444,Champions
10413,372,4,166.29,1,1,1,3,111,Lost Customers
10414,30,5,78.46,3,2,1,6,321,Loyal Customers
10415,103,5,82.02,1,2,1,4,121,At Risk
10416,361,11,787.05,1,4,4,9,144,At Risk
10417,71,4,389.24,2,1,3,6,213,Potential Loyalists
10418,161,6,209.71,1,3,2,6,132,At Risk
10419,27,6,285.13,3,3,2,8,332,Loyal Customers
10420,59,5,726.15,2,2,4,8,224,Potential Loyalists
10421,34,5,337.0,3,2,3,8,323,Loyal Customers
10422,11,8,462.08,4,4,3,11,443,Champions
10423,289,5,911.85,1,2,4,7,124,At Risk
10424,7,8,422.31,4,4,3,11,443,Champions
10425,13,7,679.55,4,3,4,11,434,Champions
10426,11,13,749.0,4,4,4,12,444,Champions
10427,38,7,530.85,3,3,4,10,334,Champions
10428,19,5,483.09,4,2,3,9,423,Loyal Customers
10429,45,9,687.79,3,4,4,11,344,Champions
10430,15,4,486.19,4,1,3,8,413,Potential Loyalists
10431,16,1,8.4,4,1,1,6,411,Lost Customers
10432,83,6,502.65,2,3,3,8,233,Potential Loyalists
10433,662,2,122.95,1,1,1,3,111,Lost Customers
10434,212,4,727.04,1,1,4,6,114,Lost Customers
10435,8,8,256.36,4,4,2,10,442,Loyal Customers
10436,177,3,125.49,1,1,1,3,111,Lost Customers
10437,127,5,262.48,1,2,2,5,122,At Risk
10438,389,3,47.78,1,1,1,3,111,Lost Customers
10439,13,6,765.14,4,3,4,11,434,Champions
10440,36,6,328.7,3,3,3,9,333,Champions
10441,51,6,327.05,2,3,2,7,232,Potential Loyalists
10442,77,3,304.32,2,1,2,5,212,Potential Loyalists
10443,49,12,663.9,2,4,4,10,244,Potential Loyalists
10444,22,5,350.2,3,2,3,8,323,Loyal Customers
10445,8,7,1060.68,4,3,4,11,434,Champions
10446,27,10,336.96,3,4,3,10,343,Champions
10447,30,8,503.47,3,4,3,10,343,Champions
10448,10,9,756.76,4,4,4,12,444,Champions
10449,350,2,95.3,1,1,1,3,111,Lost Customers
10450,19,5,399.49,4,2,3,9,423,Loyal Customers
10451,8,7,659.11,4,3,4,11,434,Champions
10452,209,3,189.93,1,1,1,3,111,Lost Customers
10453,252,3,240.12,1,1,2,4,112,Lost Customers
10454,8,7,710.76,4,3,4,11,434,Champions
10455,4,14,1179.43,4,4,4,12,444,Champions
10456,23,7,483.49,3,3,3,9,333,Champions
10457,4,6,324.04,4,3,2,9,432,Loyal Customers
10458,97,5,466.62,1,2,3,6,123,At Risk
10459,10,6,333.79,4,3,3,10,433,Champions
10460,7,3,224.08,4,1,2,7,412,Potential Loyalists
10461,210,8,439.29,1,4,3,8,143,At Risk
10462,88,4,285.34,2,1,2,5,212,Potential Loyalists
10463,74,4,246.98,2,1,2,5,212,Potential Loyalists
10464,9,9,380.0,4,4,3,11,443,Champions
10465,46,6,507.22,3,3,3,9,333,Champions
10466,101,7,242.34,1,3,2,6,132,At Risk
10467,125,3,120.78,1,1,1,3,111,Lost Customers
10468,408,1,74.48,1,1,1,3,111,Lost Customers
10469,10,3,260.3,4,1,2,7,412,Potential Loyalists
10470,5,4,255.52,4,1,2,7,412,Potential Loyalists
10471,89,6,961.28,2,3,4,9,234,Potential Loyalists
10472,25,7,560.92,3,3,4,10,334,Champions
10473,332,4,94.77,1,1,1,3,111,Lost Customers
10474,22,2,73.74,3,1,1,5,311,Lost Customers
10475,8,8,327.82,4,4,3,11,443,Champions
10476,6,6,331.26,4,3,3,10,433,Champions
10477,100,6,488.29,1,3,3,7,133,At Risk
10478,21,7,309.22,3,3,2,8,332,Loyal Customers
10479,21,5,657.73,3,2,4,9,324,Loyal Customers
10480,96,7,449.4,1,3,3,7,133,At Risk
10481,49,8,843.65,2,4,4,10,244,Potential Loyalists
10482,9,2,263.5,4,1,2,7,412,Potential Loyalists
10483,82,6,270.62,2,3,2,7,232,Potential Loyalists
10484,38,6,294.92,3,3,2,8,332,Loyal Customers
10485,422,3,176.22,1,1,1,3,111,Lost Customers
10486,18,6,276.76,4,3,2,9,432,Loyal Customers
10487,83,4,171.76,2,1,1,4,211,Lost Customers
10488,36,3,381.24,3,1,3,7,313,Potential Loyalists
10489,13,5,243.67,4,2,2,8,422,Loyal Customers
10490,66,5,1055.27,2,2,4,8,224,Potential Loyalists
10491,183,5,604.77,1,2,4,7,124,At Risk
10492,5,5,248.34,4,2,2,8,422,Loyal Customers
10493,70,4,235.64,2,1,2,5,212,Potential Loyalists
10494,43,6,575.67,3,3,4,10,334,Champions
10495,40,4,246.79,3,1,2,6,312,Potential Loyalists
10496,85,11,967.28,2,4,4,10,244,Potential Loyalists
10497,17,4,354.67,4,1,3,8,413,Potential Loyalists
10498,47,7,79.09,3,3,1,7,331,Loyal Customers
10499,12,7,378.07,4,3,3,10,433,Champions
10500,37,8,855.38,3,4,4,11,344,Champions
10501,23,9,445.99,3,4,3,10,343,Champions
10502,97,3,234.36,1,1,2,4,112,Lost Customers
10503,11,8,630.21,4,4,4,12,444,Champions
10504,37,11,414.31,3,4,3,10,343,Champions
10505,47,7,480.7,3,3,3,9,333,Champions
10506,85,6,158.23,2,3,1,6,231,At Risk
10507,234,4,278.95,1,1,2,4,112,Lost Customers
10508,343,1,130.79,1,1,1,3,111,Lost Customers
10509,159,8,387.46,1,4,3,8,143,At Risk
10510,16,7,503.19,4,3,3,10,433,Champions
10511,12,4,80.18,4,1,1,6,411,Lost Customers
10512,39,5,278.16,3,2,2,7,322,Loyal Customers
10513,27,4,184.6,3,1,1,5,311,Lost Customers
10514,76,6,289.03,2,3,2,7,232,Potential Loyalists
10515,58,4,134.92,2,1,1,4,211,Lost Customers
10516,77,4,214.23,2,1,2,5,212,Potential Loyalists
10517,417,4,175.17,1,1,1,3,111,Lost Customers
10518,76,6,373.73,2,3,3,8,233,Potential Loyalists
10519,100,3,588.96,1,1,4,6,114,Lost Customers
10520,13,6,720.9,4,3,4,11,434,Champions
10521,231,6,984.01,1,3,4,8,134,At Risk
10522,125,7,396.36,1,3,3,7,133,At Risk
10523,31,9,948.31,3,4,4,11,344,Champions
10524,94,2,19.8,2,1,1,4,211,Lost Customers
10525,5,7,302.6,4,3,2,9,432,Loyal Customers
10526,152,4,226.56,1,1,2,4,112,Lost Customers
10527,69,7,523.61,2,3,3,8,233,Potential Loyalists
10528,121,6,329.21,1,3,3,7,133,At Risk
10529,5,6,207.73,4,3,2,9,432,Loyal Customers
10530,20,9,341.97,3,4,3,10,343,Champions
10531,53,12,698.97,2,4,4,10,244,Potential Loyalists
10532,137,5,452.92,1,2,3,6,123,At Risk
10533,29,4,349.65,3,1,3,7,313,Potential Loyalists
10534,66,3,114.26,2,1,1,4,211,Lost Customers
10535,223,3,125.21,1,1,1,3,111,Lost Customers
10536,45,9,891.9,3,4,4,11,344,Champions
10537,40,9,657.12,3,4,4,11,344,Champions
10538,458,1,13.16,1,1,1,3,111,Lost Customers
10539,240,6,425.15,1,3,3,7,133,At Risk
10540,66,5,643.29,2,2,4,8,224,Potential Loyalists
10541,69,7,481.06,2,3,3,8,233,Potential Loyalists
10542,22,3,232.36,3,1,2,6,312,Potential Loyalists
10543,263,4,158.34,1,1,1,3,111,Lost Customers
10544,6,4,192.94,4,1,1,6,411,Lost Customers
10545,220,5,360.09,1,2,3,6,123,At Risk
10546,411,1,0.63,1,1,1,3,111,Lost Customers
10547,122,5,996.53,1,2,4,7,124,At Risk
10548,41,9,809.07,3,4,4,11,344,Champions
10549,188,6,567.52,1,3,4,8,134,At Risk
10550,17,8,839.87,4,4,4,12,444,Champions
10551,242,8,1129.14,1,4,4,9,144,At Risk
10552,82,4,317.55,2,1,2,5,212,Potential Loyalists
10553,39,9,324.44,3,4,2,9,342,Loyal Customers
10554,20,10,1658.34,3,4,4,11,344,Champions
10555,23,5,287.16,3,2,2,7,322,Loyal Customers
10556,67,4,266.04,2,1,2,5,212,Potential Loyalists
10557,83,5,201.6,2,2,2,6,222,Potential Loyalists
10558,2,5,116.13,4,2,1,7,421,Loyal Customers
10559,37,2,270.08,3,1,2,6,312,Potential Loyalists
10560,74,4,365.98,2,1,3,6,213,Potential Loyalists
10561,5,7,963.73,4,3,4,11,434,Champions
10562,25,7,353.22,3,3,3,9,333,Champions
10563,198,4,853.47,1,1,4,6,114,Lost Customers
10564,380,4,285.91,1,1,2,4,112,Lost Customers
10565,71,7,538.6,2,3,4,9,234,Potential Loyalists
10566,31,4,54.24,3,1,1,5,311,Lost Customers
10567,31,5,378.06,3,2,3,8,323,Loyal Customers
10568,74,8,1072.5,2,4,4,10,244,Potential Loyalists
10569,22,9,835.45,3,4,4,11,344,Champions
10570,83,7,544.23,2,3,4,9,234,Potential Loyalists
10571,54,3,379.32,2,1,3,6,213,Potential Loyalists
10572,26,4,347.52,3,1,3,7,313,Potential Loyalists
10573,88,5,952.76,2,2,4,8,224,Potential Loyalists
10574,121,9,935.18,1,4,4,9,144,At Risk
10575,18,3,714.85,4,1,4,9,414,Potential Loyalists
10576,189,5,259.22,1,2,2,5,122,At Risk
10577,24,6,809.44,3,3,4,10,334,Champions
10578,226,4,141.81,1,1,1,3,111,Lost Customers
10579,167,4,58.62,1,1,1,3,111,Lost Customers
10580,14,6,313.85,4,3,2,9,432,Loyal Customers
10581,112,3,175.6,1,1,1,3,111,Lost Customers
10582,28,5,103.43,3,2,1,6,321,Loyal Customers
10583,33,8,575.51,3,4,4,11,344,Champions
10584,20,3,178.4,3,1,1,5,311,Lost Customers
10585,182,7,1359.65,1,3,4,8,134,At Risk
10586,55,3,650.07,2,1,4,7,214,Potential Loyalists
10587,80,4,245.66,2,1,2,5,212,Potential Loyalists
10588,60,5,290.32,2,2,2,6,222,Potential Loyalists
10589,193,7,238.9,1,3,2,6,132,At Risk
10590,27,7,337.9,3,3,3,9,333,Champions
10591,101,4,84.58,1,1,1,3,111,Lost Customers
10592,23,8,366.08,3,4,3,10,343,Champions
10593,55,8,372.28,2,4,3,9,243,Potential Loyalists
10594,24,8,406.97,3,4,3,10,343,Champions
10595,6,2,92.34,4,1,1,6,411,Lost Customers
10596,19,5,1052.84,4,2,4,10,424,Loyal Customers
10597,29,6,541.93,3,3,4,10,334,Champions
10598,24,4,247.77,3,1,2,6,312,Potential Loyalists
10599,9,12,817.1,4,4,4,12,444,Champions
10600,331,6,379.7,1,3,3,7,133,At Risk
10601,16,5,322.39,4,2,2,8,422,Loyal Customers
10602,90,4,144.28,2,1,1,4,211,Lost Customers
10603,11,7,403.1,4,3,3,10,433,Champions
10604,41,4,136.63,3,1,1,5,311,Lost Customers
10605,8,6,605.0,4,3,4,11,434,Champions
10606,70,9,451.55,2,4,3,9,243,Potential Loyalists
10607,86,7,837.45,2,3,4,9,234,Potential Loyalists
10608,416,3,208.54,1,1,2,4,112,Lost Customers
10609,22,8,311.97,3,4,2,9,342,Loyal Customers
10610,34,11,685.87,3,4,4,11,344,Champions
10611,2,5,660.46,4,2,4,10,424,Loyal Customers
10612,22,8,816.73,3,4,4,11,344,Champions
10613,19,5,215.41,4,2,2,8,422,Loyal Customers
10614,2,16,881.17,4,4,4,12,444,Champions
10615,16,4,118.52,4,1,1,6,411,Lost Customers
10616,20,5,315.19,3,2,2,7,322,Loyal Customers
10617,80,7,997.26,2,3,4,9,234,Potential Loyalists
10618,234,4,244.52,1,1,2,4,112,Lost Customers
10619,27,6,526.05,3,3,4,10,334,Champions
10620,52,2,208.2,2,1,2,5,212,Potential Loyalists
10621,69,3,244.12,2,1,2,5,212,Potential Loyalists
10622,12,7,480.08,4,3,3,10,433,Champions
10623,68,5,365.72,2,2,3,7,223,Potential Loyalists
10624,68,8,269.23,2,4,2,8,242,Potential Loyalists
10625,6,8,1222.84,4,4,4,12,444,Champions
10626,11,4,283.17,4,1,2,7,412,Potential Loyalists
10627,182,2,132.56,1,1,1,3,111,Lost Customers
10628,256,4,107.46,1,2,1,4,121,At Risk
10629,26,7,181.43,3,3,1,7,331,Loyal Customers
10630,81,5,448.06,2,2,3,7,223,Potential Loyalists
10631,8,5,228.55,4,2,2,8,422,Loyal Customers
10632,59,3,114.24,2,1,1,4,211,Lost Customers
10633,55,4,129.62,2,2,1,5,221,At Risk
10634,82,5,290.99,2,2,2,6,222,Potential Loyalists
10635,41,7,533.08,3,3,4,10,334,Champions
10636,121,4,212.11,1,2,2,5,122,At Risk
10637,35,4,860.71,3,2,4,9,324,Loyal Customers
10638,14,5,204.87,4,2,2,8,422,Loyal Customers
10639,145,3,173.59,1,1,1,3,111,Lost Customers
10640,46,4,469.15,3,2,3,8,323,Loyal Customers
10641,65,9,1174.47,2,4,4,10,244,Potential Loyalists
10642,40,6,264.83,3,3,2,8,332,Loyal Customers
10643,67,2,211.25,2,1,2,5,212,Potential Loyalists
10644,15,3,195.05,4,1,2,7,412,Potential Loyalists
10645,73,8,636.93,2,4,4,10,244,Potential Loyalists
10646,35,3,115.6,3,1,1,5,311,Lost Customers
10647,15,8,404.92,4,4,3,11,443,Champions
10648,24,4,187.1,3,2,1,6,321,Loyal Customers
10649,35,3,69.33,3,1,1,5,311,Lost Customers
10650,357,6,369.71,1,3,3,7,133,At Risk
10651,9,11,860.97,4,4,4,12,444,Champions
10652,46,6,162.44,3,3,1,7,331,Loyal Customers
10653,250,8,822.28,1,4,4,9,144,At Risk
10654,1,6,348.02,4,3,3,10,433,Champions
10655,36,8,358.86,3,4,3,10,343,Champions
10656,38,6,143.42,3,3,1,7,331,Loyal Customers
10657,21,7,332.95,3,3,3,9,333,Champions
10658,57,9,941.68,2,4,4,10,244,Potential Loyalists
10659,31,6,369.69,3,3,3,9,333,Champions
10660,23,8,408.63,3,4,3,10,343,Champions
10661,216,5,49.0,1,2,1,4,121,At Risk
10662,5,4,174.75,4,2,1,7,421,Loyal Customers
10663,6,4,1006.42,4,2,4,10,424,Loyal Customers
10664,73,4,161.32,2,2,1,5,221,At Risk
10665,40,6,182.57,3,3,1,7,331,Loyal Customers
10666,189,3,56.78,1,1,1,3,111,Lost Customers
10667,231,4,86.82,1,2,1,4,121,At Risk
10668,16,6,838.71,4,3,4,11,434,Champions
10669,60,6,215.03,2,3,2,7,232,Potential Loyalists
10670,22,8,841.5,3,4,4,11,344,Champions
10671,210,2,112.39,1,1,1,3,111,Lost Customers
10672,81,5,631.59,2,2,4,8,224,Potential Loyalists
10673,60,8,464.85,2,4,3,9,243,Potential Loyalists
10674,54,8,369.69,2,4,3,9,243,Potential Loyalists
10675,172,6,333.12,1,3,3,7,133,At Risk
10676,177,5,398.99,1,2,3,6,123,At Risk
10677,411,5,159.46,1,2,1,4,121,At Risk
10678,46,5,244.14,3,2,2,7,322,Loyal Customers
10679,24,4,430.64,3,2,3,8,323,Loyal Customers
10680,89,2,145.78,2,1,1,4,211,Lost Customers
10681,11,4,174.64,4,2,1,7,421,Loyal Customers
10682,382,4,313.78,1,2,2,5,122,At Risk
10683,23,6,458.26,3,3,3,9,333,Champions
10684,448,2,148.71,1,1,1,3,111,Lost Customers
10685,61,8,1357.78,2,4,4,10,244,Potential Loyalists
10686,179,8,398.48,1,4,3,8,143,At Risk
10687,12,5,163.0,4,2,1,7,421,Loyal Customers
10688,34,6,777.1,3,3,4,10,334,Champions
10689,74,8,708.11,2,4,4,10,244,Potential Loyalists
10690,28,3,14.43,3,1,1,5,311,Lost Customers
10691,63,4,273.88,2,2,2,6,222,Potential Loyalists
10692,49,7,343.44,2,3,3,8,233,Potential Loyalists
10693,204,4,298.48,1,2,2,5,122,At Risk
10694,5,5,375.7,4,2,3,9,423,Loyal Customers
10695,76,4,81.73,2,2,1,5,221,At Risk
10696,24,10,1488.78,3,4,4,11,344,Champions
10697,65,3,196.71,2,1,2,5,212,Potential Loyalists
10698,83,3,138.26,2,1,1,4,211,Lost Customers
10699,67,5,622.96,2,2,4,8,224,Potential Loyalists
10700,20,4,290.81,3,2,2,7,322,Loyal Customers
10701,142,5,208.75,1,2,2,5,122,At Risk
10702,356,3,133.81,1,1,1,3,111,Lost Customers
10703,213,6,539.9,1,3,4,8,134,At Risk
10704,124,5,383.82,1,2,3,6,123,At Risk
10705,26,11,1813.35,3,4,4,11,344,Champions
10706,2,5,189.07,4,2,1,7,421,Loyal Customers
10707,210,3,456.03,1,1,3,5,113,Lost Customers
10708,104,1,104.1,1,1,1,3,111,Lost Customers
10709,75,7,123.23,2,3,1,6,231,At Risk
10710,77,6,257.4,2,3,2,7,232,Potential Loyalists
10711,415,4,202.06,1,2,2,5,122,At Risk
10712,27,7,117.58,3,3,1,7,331,Loyal Customers
10713,9,5,228.72,4,2,2,8,422,Loyal Customers
10714,11,9,534.07,4,4,4,12,444,Champions
10715,212,3,535.55,1,1,4,6,114,Lost Customers
10716,31,7,341.1,3,3,3,9,333,Champions
10717,70,2,52.01,2,1,1,4,211,Lost Customers
10718,17,5,268.73,4,2,2,8,422,Loyal Customers
10719,23,4,1015.87,3,2,4,9,324,Loyal Customers
10720,413,3,424.22,1,1,3,5,113,Lost Customers
10721,78,6,602.59,2,3,4,9,234,Potential Loyalists
10722,301,5,263.25,1,2,2,5,122,At Risk
10723,15,5,350.46,4,2,3,9,423,Loyal Customers
10724,2,8,1177.36,4,4,4,12,444,Champions
10725,83,6,276.86,2,3,2,7,232,Potential Loyalists
10726,255,2,82.35,1,1,1,3,111,Lost Customers
10727,125,2,552.95,1,1,4,6,114,Lost Customers
10728,316,2,114.08,1,1,1,3,111,Lost Customers
10729,10,8,250.88,4,4,2,10,442,Loyal Customers
10730,206,6,119.59,1,3,1,5,131,At Risk
10731,26,5,204.53,3,2,2,7,322,Loyal Customers
10732,23,6,759.61,3,3,4,10,334,Champions
10733,27,8,291.97,3,4,2,9,342,Loyal Customers
10734,50,6,697.41,2,3,4,9,234,Potential Loyalists
10735,19,9,1039.3,4,4,4,12,444,Champions
10736,508,1,5.43,1,1,1,3,111,Lost Customers
10737,637,1,14.75,1,1,1,3,111,Lost Customers
10738,31,4,614.17,3,2,4,9,324,Loyal Customers
10739,20,3,256.26,3,1,2,6,312,Potential Loyalists
10740,39,6,421.43,3,3,3,9,333,Champions
10741,23,5,260.13,3,2,2,7,322,Loyal Customers
10742,167,3,159.65,1,1,1,3,111,Lost Customers
10743,260,1,5.1,1,1,1,3,111,Lost Customers
10744,73,8,919.34,2,4,4,10,244,Potential Loyalists
10745,33,3,51.08,3,1,1,5,311,Lost Customers
10746,247,5,243.63,1,2,2,5,122,At Risk
10747,13,5,359.89,4,2,3,9,423,Loyal Customers
10748,47,4,97.86,3,2,1,6,321,Loyal Customers
10749,70,3,71.98,2,1,1,4,211,Lost Customers
10750,341,4,379.85,1,2,3,6,123,At Risk
10751,22,3,182.34,3,1,1,5,311,Lost Customers
10752,211,5,167.83,1,2,1,4,121,At Risk
10753,45,3,736.27,3,1,4,8,314,Potential Loyalists
10754,95,4,90.61,2,2,1,5,221,At Risk
10755,57,3,286.45,2,1,2,5,212,Potential Loyalists
10756,20,7,452.02,3,3,3,9,333,Champions
10757,151,3,159.92,1,1,1,3,111,Lost Customers
10758,8,6,277.19,4,3,2,9,432,Loyal Customers
10759,4,14,891.49,4,4,4,12,444,Champions
10760,32,8,973.62,3,4,4,11,344,Champions
10761,78,3,514.04,2,1,3,6,213,Potential Loyalists
10762,51,11,1090.55,2,4,4,10,244,Potential Loyalists
10763,56,5,138.65,2,2,1,5,221,At Risk
10764,9,6,1067.13,4,3,4,11,434,Champions
10765,31,8,1116.21,3,4,4,11,344,Champions
10766,31,8,1084.95,3,4,4,11,344,Champions
10767,372,4,304.54,1,2,2,5,122,At Risk
10768,459,5,334.61,1,2,3,6,123,At Risk
10769,58,4,282.86,2,2,2,6,222,Potential Loyalists
10770,42,4,323.29,3,2,2,7,322,Loyal Customers
10771,32,8,1481.79,3,4,4,11,344,Champions
10772,16,11,665.49,4,4,4,12,444,Champions
10773,15,6,389.75,4,3,3,10,433,Champions
10774,237,3,104.94,1,1,1,3,111,Lost Customers
10775,79,8,154.4,2,4,1,7,241,At Risk
10776,98,3,81.48,1,1,1,3,111,Lost Customers
10777,280,3,205.88,1,1,2,4,112,Lost Customers
10778,50,5,812.01,2,2,4,8,224,Potential Loyalists
10779,4,6,281.31,4,3,2,9,432,Loyal Customers
10780,442,4,544.13,1,2,4,7,124,At Risk
10781,4,8,582.04,4,4,4,12,444,Champions
10782,78,6,287.41,2,3,2,7,232,Potential Loyalists
10783,45,7,709.26,3,3,4,10,334,Champions
10784,55,3,47.46,2,1,1,4,211,Lost Customers
10785,62,10,614.08,2,4,4,10,244,Potential Loyalists
10786,13,8,711.02,4,4,4,12,444,Champions
10787,9,7,319.56,4,3,2,9,432,Loyal Customers
10788,86,3,104.49,2,1,1,4,211,Lost Customers
10789,69,7,315.7,2,3,2,7,232,Potential Loyalists
10790,191,2,90.47,1,1,1,3,111,Lost Customers
10791,48,5,216.62,2,2,2,6,222,Potential Loyalists
10792,35,5,202.73,3,2,2,7,322,Loyal Customers
10793,7,8,466.71,4,4,3,11,443,Champions
10794,4,9,781.93,4,4,4,12,444,Champions
10795,18,10,550.98,4,4,4,12,444,Champions
10796,197,5,927.21,1,2,4,7,124,At Risk
10797,55,3,160.59,2,1,1,4,211,Lost Customers
10798,53,6,125.1,2,3,1,6,231,At Risk
10799,70,4,127.73,2,2,1,5,221,At Risk
10800,35,10,1102.83,3,4,4,11,344,Champions
10801,15,4,443.75,4,2,3,9,423,Loyal Customers
10802,341,4,118.97,1,2,1,4,121,At Risk
10803,372,3,301.94,1,1,2,4,112,Lost Customers
10804,9,5,293.15,4,2,2,8,422,Loyal Customers
10805,13,7,406.8,4,3,3,10,433,Champions
10806,6,3,131.58,4,1,1,6,411,Lost Customers
10807,16,8,465.02,4,4,3,11,443,Champions
10808,65,4,112.34,2,2,1,5,221,At Risk
10809,73,7,213.13,2,3,2,7,232,Potential Loyalists
10810,49,4,963.14,2,2,4,8,224,Potential Loyalists
10811,145,9,235.48,1,4,2,7,142,At Risk
10812,89,3,244.55,2,1,2,5,212,Potential Loyalists
10813,9,4,407.7,4,2,3,9,423,Loyal Customers
10814,2,8,663.2,4,4,4,12,444,Champions
10815,20,7,313.86,3,3,2,8,332,Loyal Customers
10816,60,7,356.3,2,3,3,8,233,Potential Loyalists
10817,16,9,311.06,4,4,2,10,442,Loyal Customers
10818,151,5,229.87,1,2,2,5,122,At Risk
10819,35,8,746.99,3,4,4,11,344,Champions
10820,28,8,341.48,3,4,3,10,343,Champions
10821,9,8,220.78,4,4,2,10,442,Loyal Customers
10822,84,11,491.44,2,4,3,9,243,Potential Loyalists
10823,52,7,251.03,2,3,2,7,232,Potential Loyalists
10824,12,5,428.59,4,2,3,9,423,Loyal Customers
10825,17,7,480.69,4,3,3,10,433,Champions
10826,486,4,179.6,1,2,1,4,121,At Risk
10827,3,7,958.19,4,3,4,11,434,Champions
10828,6,9,404.36,4,4,3,11,443,Champions
10829,27,8,347.78,3,4,3,10,343,Champions
10830,38,6,307.65,3,3,2,8,332,Loyal Customers
10831,48,6,413.83,2,3,3,8,233,Potential Loyalists
10832,5,5,439.16,4,2,3,9,423,Loyal Customers
10833,75,6,290.85,2,3,2,7,232,Potential Loyalists
10834,46,6,619.37,3,3,4,10,334,Champions
10835,64,9,328.76,2,4,3,9,243,Potential Loyalists
10836,48,6,354.18,2,3,3,8,233,Potential Loyalists
10837,186,5,230.13,1,2,2,5,122,At Risk
10838,100,2,44.72,1,1,1,3,111,Lost Customers
10839,125,7,607.04,1,3,4,8,134,At Risk
10840,15,5,706.71,4,2,4,10,424,Loyal Customers
10841,273,7,437.27,1,3,3,7,133,At Risk
10842,68,5,263.2,2,2,2,6,222,Potential Loyalists
10843,46,9,502.75,3,4,3,10,343,Champions
10844,17,3,114.04,4,1,1,6,411,Lost Customers
10845,309,4,268.57,1,2,2,5,122,At Risk
10846,18,5,351.79,4,2,3,9,423,Loyal Customers
10847,24,6,242.49,3,3,2,8,332,Loyal Customers
10848,57,10,1201.98,2,4,4,10,244,Potential Loyalists
10849,26,5,446.54,3,2,3,8,323,Loyal Customers
10850,10,4,328.71,4,2,3,9,423,Loyal Customers
10851,42,7,161.57,3,3,1,7,331,Loyal Customers
10852,58,3,165.66,2,1,1,4,211,Lost Customers
10853,17,5,207.32,4,2,2,8,422,Loyal Customers
10854,40,5,247.53,3,2,2,7,322,Loyal Customers
10855,43,8,303.62,3,4,2,9,342,Loyal Customers
10856,5,8,512.72,4,4,3,11,443,Champions
10857,8,8,309.91,4,4,2,10,442,Loyal Customers
10858,7,12,983.77,4,4,4,12,444,Champions
10859,75,4,644.7,2,2,4,8,224,Potential Loyalists
10860,281,7,377.99,1,3,3,7,133,At Risk
10861,11,7,265.84,4,3,2,9,432,Loyal Customers
10862,35,6,208.0,3,3,2,8,332,Loyal Customers
10863,4,6,294.2,4,3,2,9,432,Loyal Customers
10864,61,8,266.51,2,4,2,8,242,Potential Loyalists
10865,77,3,139.41,2,1,1,4,211,Lost Customers
10866,83,9,682.45,2,4,4,10,244,Potential Loyalists
10867,7,6,363.65,4,3,3,10,433,Champions
10868,19,5,165.94,4,2,1,7,421,Loyal Customers
10869,136,4,177.81,1,2,1,4,121,At Risk
10870,37,8,640.24,3,4,4,11,344,Champions
10871,47,10,1082.86,3,4,4,11,344,Champions
10872,180,6,357.45,1,3,3,7,133,At Risk
10873,91,5,852.44,2,2,4,8,224,Potential Loyalists
10874,48,7,544.11,2,3,4,9,234,Potential Loyalists
10875,45,6,289.97,3,3,2,8,332,Loyal Customers
10876,1,9,442.27,4,4,3,11,443,Champions
10877,30,9,635.41,3,4,4,11,344,Champions
10878,5,5,236.95,4,2,2,8,422,Loyal Customers
10879,177,5,1122.23,1,2,4,7,124,At Risk
10880,18,7,355.47,4,3,3,10,433,Champions
10881,42,6,98.53,3,3,1,7,331,Loyal Customers
10882,91,2,37.56,2,1,1,4,211,Lost Customers
10883,117,6,221.36,1,3,2,6,132,At Risk
10884,22,5,243.59,3,2,2,7,322,Loyal Customers
10885,71,5,300.38,2,2,2,6,222,Potential Loyalists
10886,295,4,237.57,1,2,2,5,122,At Risk
10887,306,5,340.84,1,2,3,6,123,At Risk
10888,161,8,1095.33,1,4,4,9,144,At Risk
10889,57,8,466.49,2,4,3,9,243,Potential Loyalists
10890,286,6,189.29,1,3,1,5,131,At Risk
10891,106,7,267.68,1,3,2,6,132,At Risk
10892,36,4,228.48,3,2,2,7,322,Loyal Customers
10893,22,6,180.08,3,3,1,7,331,Loyal Customers
10894,306,4,264.82,1,2,2,5,122,At Risk
10895,27,6,285.79,3,3,2,8,332,Loyal Customers
10896,423,4,114.91,1,2,1,4,121,At Risk
10897,421,1,96.35,1,1,1,3,111,Lost Customers
10898,74,1,94.08,2,1,1,4,211,Lost Customers
10899,4,5,129.1,4,2,1,7,421,Loyal Customers
10900,29,5,486.15,3,2,3,8,323,Loyal Customers
10901,369,4,175.2,1,2,1,4,121,At Risk
10902,52,6,262.0,2,3,2,7,232,Potential Loyalists
10903,60,7,324.15,2,3,2,7,232,Potential Loyalists
10904,53,5,126.75,2,2,1,5,221,At Risk
10905,16,9,501.73,4,4,3,11,443,Champions
10906,191,7,309.88,1,3,2,6,132,At Risk
10907,36,4,937.93,3,2,4,9,324,Loyal Customers
10908,106,7,333.55,1,3,3,7,133,At Risk
10909,88,6,298.92,2,3,2,7,232,Potential Loyalists
10910,268,7,234.76,1,3,2,6,132,At Risk
10911,60,7,547.23,2,3,4,9,234,Potential Loyalists
10912,64,3,143.61,2,1,1,4,211,Lost Customers
10913,228,4,145.79,1,2,1,4,121,At Risk
10914,69,8,786.91,2,4,4,10,244,Potential Loyalists
10915,12,5,575.78,4,2,4,10,424,Loyal Customers
10916,448,4,125.4,1,2,1,4,121,At Risk
10917,65,8,1052.58,2,4,4,10,244,Potential Loyalists
10918,71,9,455.28,2,4,3,9,243,Potential Loyalists
10919,61,6,134.61,2,3,1,6,231,At Risk
10920,43,6,1035.08,3,3,4,10,334,Champions
10921,20,2,78.11,3,1,1,5,311,Lost Customers
10922,36,8,529.89,3,4,4,11,344,Champions
10923,59,4,194.35,2,2,2,6,222,Potential Loyalists
10924,13,8,500.0,4,4,3,11,443,Champions
10925,530,2,46.26,1,1,1,3,111,Lost Customers
10926,22,9,636.04,3,4,4,11,344,Champions
10927,142,5,177.24,1,2,1,4,121,At Risk
10928,82,4,216.24,2,2,2,6,222,Potential Loyalists
10929,5,5,563.3,4,2,4,10,424,Loyal Customers
10930,10,12,525.97,4,4,3,11,443,Champions
10931,140,3,256.49,1,1,2,4,112,Lost Customers
10932,243,2,106.04,1,1,1,3,111,Lost Customers
10933,72,6,416.46,2,3,3,8,233,Potential Loyalists
10934,11,3,283.84,4,1,2,7,412,Potential Loyalists
10935,9,2,38.62,4,1,1,6,411,Lost Customers
10936,18,4,381.84,4,2,3,9,423,Loyal Customers
10937,37,10,846.56,3,4,4,11,344,Champions
10938,41,3,53.6,3,1,1,5,311,Lost Customers
10939,21,11,457.11,3,4,3,10,343,Champions
10940,77,4,500.49,2,2,3,7,223,Potential Loyalists
10941,21,7,525.38,3,3,3,9,333,Champions
10942,34,6,216.33,3,3,2,8,332,Loyal Customers
10943,16,6,546.75,4,3,4,11,434,Champions
10944,12,7,428.68,4,3,3,10,433,Champions
10945,255,6,560.52,1,3,4,8,134,At Risk
10946,172,4,431.95,1,2,3,6,123,At Risk
10947,6,4,79.64,4,2,1,7,421,Loyal Customers
10948,44,5,266.94,3,2,2,7,322,Loyal Customers
10949,18,8,330.48,4,4,3,11,443,Champions
10950,134,4,165.56,1,2,1,4,121,At Risk
10951,6,8,360.04,4,4,3,11,443,Champions
10952,66,2,94.95,2,1,1,4,211,Lost Customers
10953,59,4,486.38,2,2,3,7,223,Potential Loyalists
10954,416,3,242.44,1,1,2,4,112,Lost Customers
10955,92,7,389.58,2,3,3,8,233,Potential Loyalists
10956,372,5,83.37,1,2,1,4,121,At Risk
10957,32,9,583.22,3,4,4,11,344,Champions
10958,443,3,30.83,1,1,1,3,111,Lost Customers
10959,33,8,771.12,3,4,4,11,344,Champions
10960,50,2,362.97,2,1,3,6,213,Potential Loyalists
10961,21,3,87.83,3,1,1,5,311,Lost Customers
10962,221,6,596.23,1,3,4,8,134,At Risk
10963,17,7,316.47,4,3,2,9,432,Loyal Customers
10964,24,7,676.95,3,3,4,10,334,Champions
10965,38,5,151.2,3,2,1,6,321,Loyal Customers
10966,34,5,272.24,3,2,2,7,322,Loyal Customers
10967,78,5,217.72,2,2,2,6,222,Potential Loyalists
10968,388,4,381.91,1,2,3,6,123,At Risk
10969,52,4,142.58,2,2,1,5,221,At Risk
10970,73,7,618.27,2,3,4,9,234,Potential Loyalists
10971,35,7,460.2,3,3,3,9,333,Champions
10972,213,7,283.24,1,3,2,6,132,At Risk
10973,47,7,248.14,3,3,2,8,332,Loyal Customers
10974,147,5,179.19,1,2,1,4,121,At Risk
10975,11,6,195.53,4,3,2,9,432,Loyal Customers
10976,360,3,97.5,1,1,1,3,111,Lost Customers
10977,5,5,185.97,4,2,1,7,421,Loyal Customers
10978,18,4,513.28,4,2,3,9,423,Loyal Customers
10979,31,6,561.04,3,3,4,10,334,Champions
10980,16,8,469.34,4,4,3,11,443,Champions
10981,142,3,42.41,1,1,1,3,111,Lost Customers
10982,17,7,675.11,4,3,4,11,434,Champions
10983,16,10,1812.5,4,4,4,12,444,Champions
10984,13,4,223.38,4,2,2,8,422,Loyal Customers
10985,218,5,209.64,1,2,2,5,122,At Risk
10986,48,3,209.75,2,1,2,5,212,Potential Loyalists
10987,13,8,565.75,4,4,4,12,444,Champions
10988,52,4,427.59,2,2,3,7,223,Potential Loyalists
10989,87,9,370.64,2,4,3,9,243,Potential Loyalists
10990,35,5,268.48,3,2,2,7,322,Loyal Customers
10991,8,3,109.68,4,1,1,6,411,Lost Customers
10992,15,8,1274.02,4,4,4,12,444,Champions
10993,13,3,132.22,4,1,1,6,411,Lost Customers
10994,8,6,255.64,4,3,2,9,432,Loyal Customers
10995,77,9,566.22,2,4,4,10,244,Potential Loyalists
10996,94,4,191.38,2,2,1,5,221,At Risk
10997,14,6,514.53,4,3,3,10,433,Champions
10998,87,4,247.13,2,2,2,6,222,Potential Loyalists
10999,445,2,55.49,1,1,1,3,111,Lost Customers
11000,106,3,155.37,1,1,1,3,111,Lost Customers
11001,171,6,138.32,1,3,1,5,131,At Risk
11002,39,3,171.14,3,1,1,5,311,Lost Customers
11003,28,3,59.45,3,1,1,5,311,Lost Customers
11004,88,6,407.57,2,3,3,8,233,Potential Loyalists
11005,150,5,178.78,1,2,1,4,121,At Risk
11006,27,2,107.41,3,1,1,5,311,Lost Customers
11007,58,4,152.59,2,2,1,5,221,At Risk
11008,12,4,151.2,4,2,1,7,421,Loyal Customers
11009,15,10,319.55,4,4,2,10,442,Loyal Customers
11010,8,7,263.74,4,3,2,9,432,Loyal Customers
11011,372,4,303.92,1,2,2,5,122,At Risk
11012,100,6,199.36,1,3,2,6,132,At Risk
11013,330,9,273.71,1,4,2,7,142,At Risk
11014,54,5,211.04,2,2,2,6,222,Potential Loyalists
11015,22,5,185.02,3,2,1,6,321,Loyal Customers
11016,277,7,1508.64,1,3,4,8,134,At Risk
11017,203,5,509.33,1,2,3,6,123,At Risk
11018,378,3,180.35,1,1,1,3,111,Lost Customers
11019,172,8,379.31,1,4,3,8,143,At Risk
11020,41,5,200.59,3,2,2,7,322,Loyal Customers
11021,35,7,455.84,3,3,3,9,333,Champions
11022,75,4,226.66,2,2,2,6,222,Potential Loyalists
11023,611,2,49.2,1,1,1,3,111,Lost Customers
11024,15,8,452.01,4,4,3,11,443,Champions
11025,46,6,452.14,3,3,3,9,333,Champions
11026,51,5,371.99,2,2,3,7,223,Potential Loyalists
11027,420,4,192.32,1,2,1,4,121,At Risk
11028,58,7,246.33,2,3,2,7,232,Potential Loyalists
11029,59,5,670.52,2,2,4,8,224,Potential Loyalists
11030,88,6,487.66,2,3,3,8,233,Potential Loyalists
11031,20,6,981.63,3,3,4,10,334,Champions
11032,242,4,844.18,1,2,4,7,124,At Risk
11033,209,1,32.34,1,1,1,3,111,Lost Customers
11034,9,3,93.56,4,1,1,6,411,Lost Customers
11035,13,8,708.4,4,4,4,12,444,Champions
11036,82,4,253.02,2,2,2,6,222,Potential Loyalists
11037,416,2,85.6,1,1,1,3,111,Lost Customers
11038,291,7,967.13,1,4,4,9,144,At Risk
11039,11,3,216.95,4,1,2,7,412,Potential Loyalists
11040,68,5,337.87,2,2,3,7,223,Potential Loyalists
11041,35,4,168.26,3,2,1,6,321,Loyal Customers
11042,6,11,610.18,4,4,4,12,444,Champions
11043,19,6,275.68,4,3,2,9,432,Loyal Customers
11044,21,5,243.87,3,2,2,7,322,Loyal Customers
11045,68,4,363.44,2,2,3,7,223,Potential Loyalists
11046,83,6,237.45,2,3,2,7,232,Potential Loyalists
11047,98,2,146.56,1,1,1,3,111,Lost Customers
11048,91,8,321.76,2,4,2,8,242,Potential Loyalists
11049,16,8,624.54,4,4,4,12,444,Champions
11050,242,2,68.92,1,1,1,3,111,Lost Customers
11051,90,5,271.45,2,2,2,6,222,Potential Loyalists
11052,52,7,360.81,2,4,3,9,243,Potential Loyalists
11053,266,3,257.75,1,1,2,4,112,Lost Customers
11054,10,6,807.97,4,3,4,11,434,Champions
11055,75,3,89.96,2,1,1,4,211,Lost Customers
11056,50,2,52.48,2,1,1,4,211,Lost Customers
11057,62,7,464.31,2,4,3,9,243,Potential Loyalists
11058,74,8,718.3,2,4,4,10,244,Potential Loyalists
11059,285,4,372.1,1,2,3,6,123,At Risk
11060,18,4,197.96,4,2,2,8,422,Loyal Customers
11061,44,2,10.19,3,1,1,5,311,Lost Customers
11062,35,4,132.03,3,2,1,6,321,Loyal Customers
11063,154,2,61.19,1,1,1,3,111,Lost Customers
11064,291,5,389.46,1,2,3,6,123,At Risk
11065,60,3,252.66,2,1,2,5,212,Potential Loyalists
11066,172,5,291.33,1,2,2,5,122,At Risk
11067,25,7,598.25,3,4,4,11,344,Champions
11068,426,1,36.12,1,1,1,3,111,Lost Customers
11069,218,5,201.35,1,2,2,5,122,At Risk
11070,36,8,1086.66,3,4,4,11,344,Champions
11071,156,6,596.89,1,3,4,8,134,At Risk
11072,85,5,145.96,2,2,1,5,221,At Risk
11073,299,2,73.35,1,1,1,3,111,Lost Customers
11074,4,8,806.54,4,4,4,12,444,Champions
11075,100,4,320.39,1,2,2,5,122,At Risk
11076,336,6,349.93,1,3,3,7,133,At Risk
11077,16,4,429.33,4,2,3,9,423,Loyal Customers
11078,16,5,410.91,4,2,3,9,423,Loyal Customers
11079,439,3,141.17,1,1,1,3,111,Lost Customers
11080,392,2,1209.66,1,1,4,6,114,Lost Customers
11081,82,5,421.65,2,2,3,7,223,Potential Loyalists
11082,66,3,98.03,2,1,1,4,211,Lost Customers
11083,18,9,734.6,4,4,4,12,444,Champions
11084,18,5,396.42,4,2,3,9,423,Loyal Customers
11085,423,3,19.52,1,1,1,3,111,Lost Customers
11086,78,7,237.93,2,4,2,8,242,Potential Loyalists
11087,36,10,791.24,3,4,4,11,344,Champions
11088,46,6,337.66,3,3,3,9,333,Champions
11089,66,6,334.65,2,3,3,8,233,Potential Loyalists
11090,82,3,532.68,2,1,4,7,214,Potential Loyalists
11091,25,4,301.88,3,2,2,7,322,Loyal Customers
11092,91,9,411.16,2,4,3,9,243,Potential Loyalists
11093,38,10,538.96,3,4,4,11,344,Champions
11094,11,7,348.6,4,4,3,11,443,Champions
11095,476,5,241.03,1,2,2,5,122,At Risk
11096,221,6,912.01,1,3,4,8,134,At Risk
11097,54,9,460.4,2,4,3,9,243,Potential Loyalists
11098,42,9,963.13,3,4,4,11,344,Champions
11099,369,2,228.94,1,1,2,4,112,Lost Customers
11100,43,6,242.94,3,3,2,8,332,Loyal Customers
11101,100,4,370.89,1,2,3,6,123,At Risk
11102,17,8,1522.87,4,4,4,12,444,Champions
11103,5,9,361.63,4,4,3,11,443,Champions
11104,17,6,293.97,4,3,2,9,432,Loyal Customers
11105,52,7,497.69,2,4,3,9,243,Potential Loyalists
11106,203,10,516.2,1,4,3,8,143,At Risk
11107,24,7,550.01,3,4,4,11,344,Champions
11108,347,6,775.36,1,3,4,8,134,At Risk
11109,67,9,427.22,2,4,3,9,243,Potential Loyalists
11110,10,5,227.71,4,2,2,8,422,Loyal Customers
11111,2,6,214.27,4,3,2,9,432,Loyal Customers
11112,11,6,467.16,4,3,3,10,433,Champions
11113,167,5,791.21,1,2,4,7,124,At Risk
11114,10,8,478.58,4,4,3,11,443,Champions
11115,296,4,95.05,1,2,1,4,121,At Risk
11116,27,5,1151.1,3,2,4,9,324,Loyal Customers
11117,294,5,293.95,1,2,2,5,122,At Risk
11118,245,7,231.49,1,4,2,7,142,At Risk
11119,50,6,140.89,2,3,1,6,231,At Risk
11120,67,8,427.12,2,4,3,9,243,Potential Loyalists
11121,16,3,233.49,4,1,2,7,412,Potential Loyalists
11122,73,8,613.77,2,4,4,10,244,Potential Loyalists
11123,15,9,170.26,4,4,1,9,441,Loyal Customers
11124,82,3,20.54,2,1,1,4,211,Lost Customers
11125,24,6,358.99,3,3,3,9,333,Champions
11126,11,12,650.38,4,4,4,12,444,Champions
11127,294,8,1089.35,1,4,4,9,144,At Risk
11128,76,5,202.71,2,2,2,6,222,Potential Loyalists
11129,39,4,123.53,3,2,1,6,321,Loyal Customers
11130,50,6,257.74,2,3,2,7,232,Potential Loyalists
11131,177,3,72.71,1,1,1,3,111,Lost Customers
11132,4,10,1401.76,4,4,4,12,444,Champions
11133,19,7,997.07,4,4,4,12,444,Champions
11134,18,9,559.22,4,4,4,12,444,Champions
11135,72,4,135.89,2,2,1,5,221,At Risk
11136,1,5,126.26,4,2,1,7,421,Loyal Customers
11137,38,9,370.37,3,4,3,10,343,Champions
11138,47,7,256.75,3,4,2,9,342,Loyal Customers
11139,31,3,186.02,3,1,1,5,311,Lost Customers
11140,268,2,1011.9,1,1,4,6,114,Lost Customers
11141,25,5,178.67,3,2,1,6,321,Loyal Customers
11142,18,5,564.55,4,2,4,10,424,Loyal Customers
11143,23,5,211.29,3,2,2,7,322,Loyal Customers
11144,380,3,365.53,1,1,3,5,113,Lost Customers
11145,14,9,1366.15,4,4,4,12,444,Champions
11146,67,3,51.99,2,1,1,4,211,Lost Customers
11147,18,7,888.62,4,4,4,12,444,Champions
11148,47,6,179.24,3,3,1,7,331,Loyal Customers
11149,374,3,328.28,1,1,3,5,113,Lost Customers
11150,35,3,146.49,3,1,1,5,311,Lost Customers
11151,55,7,236.2,2,4,2,8,242,Potential Loyalists
11152,54,4,207.04,2,2,2,6,222,Potential Loyalists
11153,39,4,168.34,3,2,1,6,321,Loyal Customers
11154,58,3,62.12,2,1,1,4,211,Lost Customers
11155,68,3,65.1,2,1,1,4,211,Lost Customers
11156,51,8,504.74,2,4,3,9,243,Potential Loyalists
11157,30,5,414.22,3,2,3,8,323,Loyal Customers
11158,119,4,520.89,1,2,3,6,123,At Risk
11159,70,2,76.41,2,1,1,4,211,Lost Customers
11160,376,2,146.06,1,1,1,3,111,Lost Customers
11161,81,10,417.67,2,4,3,9,243,Potential Loyalists
11162,72,6,202.56,2,3,2,7,232,Potential Loyalists
11163,60,4,217.77,2,2,2,6,222,Potential Loyalists
11164,283,5,505.22,1,2,3,6,123,At Risk
11165,67,3,92.32,2,1,1,4,211,Lost Customers
11166,322,3,578.15,1,1,4,6,114,Lost Customers
11167,40,7,425.75,3,4,3,10,343,Champions
11168,126,3,113.61,1,1,1,3,111,Lost Customers
11169,35,9,900.26,3,4,4,11,344,Champions
11170,332,4,66.27,1,2,1,4,121,At Risk
11171,67,4,195.68,2,2,2,6,222,Potential Loyalists
11172,34,11,840.55,3,4,4,11,344,Champions
11173,87,4,153.91,2,2,1,5,221,At Risk
11174,18,6,353.74,4,3,3,10,433,Champions
11175,66,7,391.37,2,4,3,9,243,Potential Loyalists
11176,22,5,124.51,3,2,1,6,321,Loyal Customers
11177,26,9,821.5,3,4,4,11,344,Champions
11178,18,8,376.32,4,4,3,11,443,Champions
11179,4,6,249.59,4,3,2,9,432,Loyal Customers
11180,42,8,857.58,3,4,4,11,344,Champions
11181,21,4,274.02,3,2,2,7,322,Loyal Customers
11182,270,4,166.72,1,2,1,4,121,At Risk
11183,20,6,489.78,3,3,3,9,333,Champions
11184,20,8,371.65,3,4,3,10,343,Champions
11185,18,1,20.76,4,1,1,6,411,Lost Customers
11186,51,8,498.71,2,4,3,9,243,Potential Loyalists
11187,28,4,100.76,3,2,1,6,321,Loyal Customers
11188,15,4,340.14,4,2,3,9,423,Loyal Customers
11189,57,8,302.71,2,4,2,8,242,Potential Loyalists
11190,228,5,327.21,1,2,3,6,123,At Risk
11191,1,11,941.17,4,4,4,12,444,Champions
11192,19,2,178.86,4,1,1,6,411,Lost Customers
11193,36,6,255.26,3,3,2,8,332,Loyal Customers
11194,18,8,485.38,4,4,3,11,443,Champions
11195,74,6,238.71,2,3,2,7,232,Potential Loyalists
11196,138,4,268.49,1,2,2,5,122,At Risk
11197,13,8,534.46,4,4,4,12,444,Champions
11198,19,10,1732.75,4,4,4,12,444,Champions
11199,115,4,451.3,1,2,3,6,123,At Risk
11200,121,5,155.52,1,2,1,4,121,At Risk
11201,8,5,442.04,4,2,3,9,423,Loyal Customers
11202,27,4,188.04,3,2,1,6,321,Loyal Customers
11203,18,5,243.59,4,2,2,8,422,Loyal Customers
11204,22,7,286.13,3,4,2,9,342,Loyal Customers
11205,54,9,1033.08,2,4,4,10,244,Potential Loyalists
11206,177,5,187.61,1,2,1,4,121,At Risk
11207,35,6,427.55,3,3,3,9,333,Champions
11208,26,8,336.9,3,4,3,10,343,Champions
11209,40,9,307.98,3,4,2,9,342,Loyal Customers
11210,174,3,146.55,1,1,1,3,111,Lost Customers
11211,34,7,262.21,3,4,2,9,342,Loyal Customers
11212,18,9,438.11,4,4,3,11,443,Champions
11213,26,7,492.41,3,4,3,10,343,Champions
11214,90,3,159.91,2,1,1,4,211,Lost Customers
11215,16,8,842.2,4,4,4,12,444,Champions
11216,49,4,103.67,2,2,1,5,221,At Risk
11217,74,5,730.17,2,2,4,8,224,Potential Loyalists
11218,122,5,181.31,1,2,1,4,121,At Risk
11219,42,8,409.24,3,4,3,10,343,Champions
11220,191,6,647.28,1,3,4,8,134,At Risk
11221,19,7,318.67,4,4,2,10,442,Loyal Customers
11222,27,4,167.58,3,2,1,6,321,Loyal Customers
11223,86,7,227.87,2,4,2,8,242,Potential Loyalists
11224,16,7,1046.68,4,4,4,12,444,Champions
11225,13,6,298.3,4,3,2,9,432,Loyal Customers
11226,24,4,257.6,3,2,2,7,322,Loyal Customers
11227,15,8,582.11,4,4,4,12,444,Champions
11228,58,7,639.73,2,4,4,10,244,Potential Loyalists
11229,24,9,545.42,3,4,4,11,344,Champions
11230,2,9,383.52,4,4,3,11,443,Champions
11231,39,4,85.44,3,2,1,6,321,Loyal Customers
11232,50,3,151.38,2,1,1,4,211,Lost Customers
11233,18,7,278.47,4,4,2,10,442,Loyal Customers
11234,20,4,339.19,3,2,3,8,323,Loyal Customers
11235,17,9,611.27,4,4,4,12,444,Champions
11236,216,4,236.99,1,2,2,5,122,At Risk
11237,11,6,873.38,4,3,4,11,434,Champions
11238,12,15,915.78,4,4,4,12,444,Champions
11239,6,9,1099.57,4,4,4,12,444,Champions
11241,6,5,210.41,4,2,2,8,422,Loyal Customers
11242,40,6,231.4,3,3,2,8,332,Loyal Customers
11243,39,5,312.15,3,2,2,7,322,Loyal Customers
11244,17,5,193.25,4,2,2,8,422,Loyal Customers
11245,7,8,396.51,4,4,3,11,443,Champions
11246,46,9,496.15,3,4,3,10,343,Champions
11247,129,4,184.51,1,2,1,4,121,At Risk
11248,56,11,396.46,2,4,3,9,243,Potential Loyalists
11249,92,5,248.96,2,2,2,6,222,Potential Loyalists
11250,53,5,183.35,2,2,1,5,221,At Risk
11251,8,5,296.57,4,2,2,8,422,Loyal Customers
11252,8,5,406.43,4,2,3,9,423,Loyal Customers
11253,424,2,32.77,1,1,1,3,111,Lost Customers
11254,202,3,168.64,1,1,1,3,111,Lost Customers
11255,22,5,546.52,3,2,4,9,324,Loyal Customers
11256,85,5,479.81,2,2,3,7,223,Potential Loyalists
11257,18,6,296.72,4,3,2,9,432,Loyal Customers
11258,30,9,469.62,3,4,3,10,343,Champions
11259,42,9,588.99,3,4,4,11,344,Champions
11260,263,5,158.65,1,2,1,4,121,At Risk
11261,257,4,269.44,1,2,2,5,122,At Risk
11262,187,2,240.0,1,1,2,4,112,Lost Customers
11263,78,7,412.43,2,4,3,9,243,Potential Loyalists
11264,42,8,645.89,3,4,4,11,344,Champions
11265,49,4,542.3,2,2,4,8,224,Potential Loyalists
11266,70,3,216.38,2,1,2,5,212,Potential Loyalists
11267,115,7,619.31,1,4,4,9,144,At Risk
11268,227,3,530.22,1,1,4,6,114,Lost Customers
11269,75,6,230.66,2,3,2,7,232,Potential Loyalists
11270,40,6,225.62,3,3,2,8,332,Loyal Customers
11271,312,3,287.0,1,1,2,4,112,Lost Customers
11272,50,5,491.77,2,2,3,7,223,Potential Loyalists
11273,122,9,805.06,1,4,4,9,144,At Risk
11274,13,7,457.04,4,4,3,11,443,Champions
11275,5,4,293.99,4,2,2,8,422,Loyal Customers
11276,43,5,285.49,3,2,2,7,322,Loyal Customers
11277,61,5,546.26,2,2,4,8,224,Potential Loyalists
11278,43,3,136.02,3,1,1,5,311,Lost Customers
11279,110,4,597.62,1,2,4,7,124,At Risk
11280,14,7,339.73,4,4,3,11,443,Champions
11281,301,3,113.5,1,1,1,3,111,Lost Customers
11282,53,4,473.8,2,2,3,7,223,Potential Loyalists
11283,58,3,103.14,2,1,1,4,211,Lost Customers
11284,152,6,171.26,1,3,1,5,131,At Risk
11285,372,4,270.28,1,2,2,5,122,At Risk
11286,36,5,321.92,3,2,2,7,322,Loyal Customers
11287,190,5,237.93,1,2,2,5,122,At Risk
11288,39,6,235.43,3,3,2,8,332,Loyal Customers
11289,346,1,45.92,1,1,1,3,111,Lost Customers
11290,45,6,190.15,3,3,1,7,331,Loyal Customers
11291,271,3,598.98,1,1,4,6,114,Lost Customers
11292,18,7,629.83,4,4,4,12,444,Champions
11293,51,4,155.22,2,2,1,5,221,At Risk
11294,95,7,585.55,2,4,4,10,244,Potential Loyalists
11295,292,1,56.78,1,1,1,3,111,Lost Customers
11296,108,4,458.63,1,2,3,6,123,At Risk
11297,88,7,397.12,2,4,3,9,243,Potential Loyalists
11298,31,6,502.63,3,3,3,9,333,Champions
11299,35,6,292.15,3,3,2,8,332,Loyal Customers
11300,48,11,1845.46,2,4,4,10,244,Potential Loyalists
11301,29,3,156.13,3,1,1,5,311,Lost Customers
11302,26,5,97.86,3,2,1,6,321,Loyal Customers
11303,6,3,971.04,4,1,4,9,414,Potential Loyalists
11304,19,8,567.74,4,4,4,12,444,Champions
11305,91,3,105.82,2,1,1,4,211,Lost Customers
11306,33,8,721.92,3,4,4,11,344,Champions
11307,370,3,162.6,1,1,1,3,111,Lost Customers
11308,114,8,625.17,1,4,4,9,144,At Risk
11309,2,5,951.7,4,3,4,11,434,Champions
11310,78,7,383.9,2,4,3,9,243,Potential Loyalists
11311,74,6,256.32,2,3,2,7,232,Potential Loyalists
11312,118,6,441.53,1,3,3,7,133,At Risk
11313,77,5,473.73,2,3,3,8,233,Potential Loyalists
11314,126,5,690.26,1,3,4,8,134,At Risk
11315,16,13,560.56,4,4,4,12,444,Champions
11316,52,11,433.09,2,4,3,9,243,Potential Loyalists
11317,198,5,427.68,1,3,3,7,133,At Risk
11318,293,7,506.72,1,4,3,8,143,At Risk
11319,88,3,241.75,2,1,2,5,212,Potential Loyalists
11320,43,2,206.59,3,1,2,6,312,Potential Loyalists
11321,81,4,98.48,2,2,1,5,221,At Risk
11322,6,9,812.29,4,4,4,12,444,Champions
11323,39,6,284.22,3,3,2,8,332,Loyal Customers
11324,294,3,177.28,1,1,1,3,111,Lost Customers
11325,169,6,185.64,1,3,1,5,131,At Risk
11326,71,4,395.94,2,2,3,7,223,Potential Loyalists
11327,69,10,591.79,2,4,4,10,244,Potential Loyalists
11328,84,5,543.64,2,3,4,9,234,Potential Loyalists
11329,30,4,87.38,3,2,1,6,321,Loyal Customers
11330,189,2,90.87,1,1,1,3,111,Lost Customers
11331,70,2,42.4,2,1,1,4,211,Lost Customers
11332,95,8,416.14,2,4,3,9,243,Potential Loyalists
11333,53,5,177.81,2,3,1,6,231,At Risk
11334,272,9,374.83,1,4,3,8,143,At Risk
11335,132,5,225.46,1,3,2,6,132,At Risk
11336,113,6,390.79,1,3,3,7,133,At Risk
11337,69,3,218.24,2,1,2,5,212,Potential Loyalists
11338,221,4,299.56,1,2,2,5,122,At Risk
11339,32,4,402.1,3,2,3,8,323,Loyal Customers
11340,367,4,138.81,1,2,1,4,121,At Risk
11341,9,7,267.74,4,4,2,10,442,Loyal Customers
11342,6,5,879.45,4,3,4,11,434,Champions
11343,61,6,825.05,2,3,4,9,234,Potential Loyalists
11344,91,5,88.22,2,3,1,6,231,At Risk
11345,24,8,448.48,3,4,3,10,343,Champions
11346,54,10,497.32,2,4,3,9,243,Potential Loyalists
11347,43,9,1184.81,3,4,4,11,344,Champions
11348,227,7,215.81,1,4,2,7,142,At Risk
11349,23,6,500.48,3,3,3,9,333,Champions
11350,92,3,88.0,2,1,1,4,211,Lost Customers
11351,41,6,347.22,3,3,3,9,333,Champions
11352,65,3,143.25,2,1,1,4,211,Lost Customers
11353,80,1,26.6,2,1,1,4,211,Lost Customers
11354,10,7,528.07,4,4,4,12,444,Champions
11355,28,6,267.07,3,3,2,8,332,Loyal Customers
11356,27,6,689.0,3,3,4,10,334,Champions
11357,78,7,543.17,2,4,4,10,244,Potential Loyalists
11358,16,7,371.83,4,4,3,11,443,Champions
11359,266,2,166.95,1,1,1,3,111,Lost Customers
11360,134,6,307.74,1,3,2,6,132,At Risk
11361,8,10,807.96,4,4,4,12,444,Champions
11362,56,3,314.79,2,1,2,5,212,Potential Loyalists
11363,51,6,297.01,2,3,2,7,232,Potential Loyalists
11364,88,3,88.19,2,1,1,4,211,Lost Customers
11365,15,6,362.72,4,3,3,10,433,Champions
11366,212,6,419.17,1,3,3,7,133,At Risk
11367,253,8,230.13,1,4,2,7,142,At Risk
11368,53,6,337.68,2,3,3,8,233,Potential Loyalists
11369,50,4,88.6,2,2,1,5,221,At Risk
11370,21,7,361.03,3,4,3,10,343,Champions
11371,116,2,163.42,1,1,1,3,111,Lost Customers
11372,41,4,298.04,3,2,2,7,322,Loyal Customers
11373,37,3,413.68,3,1,3,7,313,Potential Loyalists
11374,19,6,381.4,4,3,3,10,433,Champions
11375,59,3,173.54,2,1,1,4,211,Lost Customers
11376,111,6,1099.88,1,3,4,8,134,At Risk
11377,79,3,124.09,2,1,1,4,211,Lost Customers
11378,9,5,203.03,4,3,2,9,432,Loyal Customers
11379,88,6,229.32,2,3,2,7,232,Potential Loyalists
11380,294,1,28.95,1,1,1,3,111,Lost Customers
11381,44,7,176.41,3,4,1,8,341,Loyal Customers
11382,148,3,510.43,1,1,3,5,113,Lost Customers
11383,6,9,285.19,4,4,2,10,442,Loyal Customers
11384,19,5,246.27,4,3,2,9,432,Loyal Customers
11385,19,4,387.88,4,2,3,9,423,Loyal Customers
11386,22,10,528.19,3,4,4,11,344,Champions
11387,64,2,77.41,2,1,1,4,211,Lost Customers
11388,14,5,822.71,4,3,4,11,434,Champions
11389,228,4,218.66,1,2,2,5,122,At Risk
11390,76,6,243.85,2,3,2,7,232,Potential Loyalists
11391,1,14,735.86,4,4,4,12,444,Champions
11392,25,5,163.66,3,3,1,7,331,Loyal Customers
11393,436,1,12.33,1,1,1,3,111,Lost Customers
11394,541,3,203.03,1,1,2,4,112,Lost Customers
11395,6,6,501.49,4,3,3,10,433,Champions
11396,373,4,272.3,1,2,2,5,122,At Risk
11397,141,4,428.48,1,2,3,6,123,At Risk
11398,5,5,239.24,4,3,2,9,432,Loyal Customers
11399,15,6,260.13,4,3,2,9,432,Loyal Customers
11400,499,4,461.59,1,2,3,6,123,At Risk
11401,68,9,481.36,2,4,3,9,243,Potential Loyalists
11402,29,5,154.86,3,3,1,7,331,Loyal Customers
11403,10,9,1167.79,4,4,4,12,444,Champions
11404,18,7,500.39,4,4,3,11,443,Champions
11405,607,1,10.48,1,1,1,3,111,Lost Customers
11406,22,6,585.09,3,3,4,10,334,Champions
11407,94,4,232.12,2,2,2,6,222,Potential Loyalists
11408,37,3,202.76,3,1,2,6,312,Potential Loyalists
11409,12,9,361.09,4,4,3,11,443,Champions
11410,391,3,121.64,1,1,1,3,111,Lost Customers
11411,20,5,349.58,3,3,3,9,333,Champions
11412,16,8,411.93,4,4,3,11,443,Champions
11413,6,9,1076.35,4,4,4,12,444,Champions
11414,110,2,73.47,1,1,1,3,111,Lost Customers
11415,8,10,526.29,4,4,4,12,444,Champions
11416,18,4,163.94,4,2,1,7,421,Loyal Customers
11417,87,5,482.9,2,3,3,8,233,Potential Loyalists
11418,130,5,407.24,1,3,3,7,133,At Risk
11419,58,2,258.61,2,1,2,5,212,Potential Loyalists
11420,56,8,1096.82,2,4,4,10,244,Potential Loyalists
11421,2,6,530.13,4,3,4,11,434,Champions
11422,30,5,341.94,3,3,3,9,333,Champions
11423,84,7,626.67,2,4,4,10,244,Potential Loyalists
11424,338,7,243.35,1,4,2,7,142,At Risk
11425,390,2,28.97,1,1,1,3,111,Lost Customers
11426,352,4,249.4,1,2,2,5,122,At Risk
11427,207,6,214.41,1,3,2,6,132,At Risk
11428,7,11,861.48,4,4,4,12,444,Champions
11429,80,5,1042.06,2,3,4,9,234,Potential Loyalists
11430,106,7,584.45,1,4,4,9,144,At Risk
11431,5,10,743.91,4,4,4,12,444,Champions
11432,106,6,289.59,1,3,2,6,132,At Risk
11433,19,6,207.24,4,3,2,9,432,Loyal Customers
11434,93,8,325.36,2,4,2,8,242,Potential Loyalists
11435,365,3,225.59,1,1,2,4,112,Lost Customers
11436,43,5,141.14,3,3,1,7,331,Loyal Customers
11437,88,5,1028.07,2,3,4,9,234,Potential Loyalists
11438,3,8,456.66,4,4,3,11,443,Champions
11439,220,5,192.37,1,3,1,5,131,At Risk
11440,41,6,268.83,3,3,2,8,332,Loyal Customers
11441,251,4,277.14,1,2,2,5,122,At Risk
11442,27,6,398.75,3,3,3,9,333,Champions
11443,503,2,129.46,1,1,1,3,111,Lost Customers
11444,20,3,91.97,3,1,1,5,311,Lost Customers
11445,4,3,146.95,4,1,1,6,411,Lost Customers
11446,9,11,633.67,4,4,4,12,444,Champions
11447,26,7,897.08,3,4,4,11,344,Champions
11448,119,4,212.33,1,2,2,5,122,At Risk
11449,28,1,13.68,3,1,1,5,311,Lost Customers
11450,46,7,465.79,3,4,3,10,343,Champions
11451,80,4,280.8,2,2,2,6,222,Potential Loyalists
11452,15,5,537.24,4,3,4,11,434,Champions
11453,333,4,267.8,1,2,2,5,122,At Risk
11454,50,6,726.45,2,3,4,9,234,Potential Loyalists
11455,119,6,432.0,1,3,3,7,133,At Risk
11456,19,4,184.49,4,2,1,7,421,Loyal Customers
11457,225,3,234.77,1,1,2,4,112,Lost Customers
11458,73,5,249.16,2,3,2,7,232,Potential Loyalists
11459,27,5,371.16,3,3,3,9,333,Champions
11460,53,2,95.88,2,1,1,4,211,Lost Customers
11461,334,6,609.22,1,3,4,8,134,At Risk
11462,57,3,80.87,2,1,1,4,211,Lost Customers
11463,151,4,116.68,1,2,1,4,121,At Risk
11464,20,8,496.96,3,4,3,10,343,Champions
11465,152,4,294.52,1,2,2,5,122,At Risk
11466,619,1,13.04,1,1,1,3,111,Lost Customers
11467,148,7,956.81,1,4,4,9,144,At Risk
11468,33,8,697.95,3,4,4,11,344,Champions
11469,282,5,377.85,1,3,3,7,133,At Risk
11470,10,2,31.92,4,1,1,6,411,Lost Customers
11471,92,9,897.73,2,4,4,10,244,Potential Loyalists
11472,16,5,129.47,4,3,1,8,431,Loyal Customers
11473,82,2,114.31,2,1,1,4,211,Lost Customers
11474,79,7,477.88,2,4,3,9,243,Potential Loyalists
11475,10,5,178.2,4,3,1,8,431,Loyal Customers
11476,68,5,312.63,2,3,2,7,232,Potential Loyalists
11477,43,5,209.66,3,3,2,8,332,Loyal Customers
11478,44,3,158.09,3,1,1,5,311,Lost Customers
11479,25,6,957.36,3,3,4,10,334,Champions
11480,42,6,199.71,3,3,2,8,332,Loyal Customers
11481,316,8,476.35,1,4,3,8,143,At Risk
11482,31,4,742.02,3,2,4,9,324,Loyal Customers
11483,19,4,133.66,4,2,1,7,421,Loyal Customers
11484,10,3,184.06,4,1,1,6,411,Lost Customers
11485,37,4,191.55,3,2,1,6,321,Loyal Customers
11486,17,4,526.57,4,2,4,10,424,Loyal Customers
11487,15,6,486.62,4,3,3,10,433,Champions
11488,452,3,121.57,1,1,1,3,111,Lost Customers
11489,59,6,329.36,2,3,3,8,233,Potential Loyalists
11490,26,3,66.66,3,1,1,5,311,Lost Customers
11491,691,1,36.9,1,1,1,3,111,Lost Customers
11492,62,10,763.95,2,4,4,10,244,Potential Loyalists
11493,14,5,195.18,4,3,2,9,432,Loyal Customers
11494,11,8,392.6,4,4,3,11,443,Champions
11495,100,4,114.56,1,2,1,4,121,At Risk
11496,36,4,130.1,3,2,1,6,321,Loyal Customers
11497,57,10,535.88,2,4,4,10,244,Potential Loyalists
11498,13,8,403.94,4,4,3,11,443,Champions
11499,256,2,165.96,1,1,1,3,111,Lost Customers
